ID_file,leg,date,class,obj_pos,language,# interventions,# interventions (w/o president),total_length,total_length (w/o president),presenti,votanti,favorevoli,contrari,astenuti,outcome
47801,XVI,02/10/2024,"CONSIGLIO REGIONALE, Attività consiliare d'aula",1,it,12,6.0,11933,8882.0,,,,,,
47802,XVI,02/10/2024,"CONSIGLIO REGIONALE, Attività consiliare d'aula",2,fr,3,1.0,1193,1009.0,,,,,,
47803,XVI,02/10/2024,"CONSIGLIO REGIONALE, Attività consiliare d'aula",3,it,1,,83,,,,,,,
47804,XVI,02/10/2024,"PROTEZIONE CIVILE, VIGILI DEL FUOCO E INTERVENTI PER CALAMITÀ NATURALI, Vigili del fuoco - Difesa antincendi",4,it,34,16.0,52177,46240.0,35.0,16.0,16.0,,19.0,non approvato
47805,XVI,02/10/2024,BILANCIO E CONTABILITA' REGIONALE,5,it,1,,215,,,,,,,
47806,XVI,02/10/2024,"AMBIENTE, TRASPORTI E VIABILITÀ, Trasporti",6,it,29,14.0,70646,67306.0,35.0,26.0,26.0,7.0,9.0,approvato
47807,XVI,02/10/2024,"LAVORO, Politica del lavoro",7,it,15,7.0,67843,66493.0,35.0,24.0,24.0,,11.0,approvato
47808,XVI,02/10/2024,"CONSIGLIO REGIONALE, Attività consiliare d'aula",8,it,1,,237,,,,,,,
47809,XVI,02/10/2024,"ORDINE PUBBLICO - FORZE ARMATE, Pubblica sicurezza",9,it,6,3.0,5517,5394.0,,,,,,
47810,XVI,02/10/2024,"ENERGIA, Energia idroelettrica",10,it,1,,49,,,,,,,
47811,XVI,02/10/2024,"TRASPORTI E VIABILITÀ, Strade di interesse regionale",11,it,1,,37,,,,,,,
47812,XVI,02/10/2024,DEMANIO E PATRIMONIO REGIONALE,12,it,6,3.0,9803,9621.0,,,,,,
47813,XVI,02/10/2024,"DEMANIO E PATRIMONIO REGIONALE, ISTRUZIONE PUBBLICA, Università",13,it,4,2.0,9464,9363.0,,,,,,
47814,XVI,02/10/2024,"TRASPORTI E VIABILITÀ, Strade di interesse regionale",14,it,5,2.0,6594,6297.0,,,,,,
47815,XVI,02/10/2024,"AMMINISTRAZIONE REGIONALE, Ordinamento degli uffici e del personale",15,it,6,3.0,8124,7874.0,,,,,,
47816,XVI,02/10/2024,"ENTI LOCALI, Comuni, ORDINE PUBBLICO - FORZE ARMATE, Pubblica sicurezza",16,it,6,3.0,10425,10199.0,,,,,,
47817,XVI,02/10/2024,"ENERGIA, Energia idroelettrica, NORME DI ATTUAZIONE",17,it,6,3.0,10275,10110.0,,,,,,
47818,XVI,02/10/2024,"ENTI LOCALI, Comuni",18,it,6,3.0,9043,8880.0,,,,,,
47819,XVI,02/10/2024,"AMBIENTE, Inquinamento, ASSISTENZA SANITARIA E OSPEDALIERA, Igiene e sanità pubblica",19,it,8,4.0,15618,15394.0,,,,,,
47820,XVI,02/10/2024,"AMBIENTE, Inquinamento, TRASPORTI E VIABILITÀ",20,it,7,3.0,11894,11013.0,34.0,16.0,16.0,,18.0,non approvato
47821,XVI,02/10/2024,CONSIGLIO REGIONALE,21,it,21,10.0,35742,34319.0,34.0,11.0,2.0,9.0,23.0,non approvato
47161,XVI,03/04/2024,"CONSIGLIO REGIONALE, Attività consiliare d'aula",1,it,9,4.0,12852,6420.0,,,,,,
47162,XVI,03/04/2024,"CONSIGLIO REGIONALE, Attività consiliare d'aula",2,it,7,3.0,8059,7805.0,,,,,,
47163,XVI,03/04/2024,"CONSIGLIO REGIONALE, Attività consiliare d'aula",3,it,1,,101,,,,,,,
47164,XVI,03/04/2024,"ORDINE PUBBLICO - FORZE ARMATE, Pubblica sicurezza",4,it,1,,1095,,,,,,,
47165,XVI,03/04/2024,BILANCIO E CONTABILITA' REGIONALE,5,it,1,,61,,,,,,,
47166,XVI,03/04/2024,"CONSIGLIO REGIONALE, Attività consiliare d'aula",6,it,2,1.0,1972,1682.0,,,,,,
47167,XVI,03/04/2024,"TRASPORTI E VIABILITÀ, Trasporti",7,it,2,1.0,2439,2369.0,,,,,,
47168,XVI,03/04/2024,ASSISTENZA SANITARIA E OSPEDALIERA,8,it,9,4.0,12869,12131.0,,,,,,
47169,XVI,03/04/2024,"ACQUE, AMBIENTE, Inquinamento, ASSISTENZA SANITARIA E OSPEDALIERA, Igiene e sanità pubblica",9,it,11,5.0,25175,24236.0,,,,,,
47170,XVI,03/04/2024,"ASSISTENZA SANITARIA E OSPEDALIERA, Presidio ospedaliero",10,it,6,3.0,3081,2932.0,,,,,,
47171,XVI,03/04/2024,"SPORT E TEMPO LIBERO, Sport invernali, TURISMO E INDUSTRIA ALBERGHIERA",11,it,6,3.0,6182,6007.0,,,,,,
47172,XVI,03/04/2024,"SPORT E TEMPO LIBERO, Sport invernali, TURISMO E INDUSTRIA ALBERGHIERA",12,it,6,3.0,5242,5104.0,,,,,,
47173,XVI,03/04/2024,TURISMO E INDUSTRIA ALBERGHIERA,13,it,6,3.0,5003,4865.0,,,,,,
47174,XVI,03/04/2024,"TRASPORTI E VIABILITÀ, Viabilità",14,it,1,,55,,,,,,,
47175,XVI,03/04/2024,"ASSISTENZA SANITARIA E OSPEDALIERA, Presidio ospedaliero, EDILIZIA, Edilizia pubblica",15,it,1,,313,,,,,,,
47176,XVI,03/04/2024,"INFORMAZIONE, Sistema informativo",16,it,4,2.0,10039,9873.0,,,,,,
47177,XVI,03/04/2024,AMBIENTE,17,it,4,2.0,5428,5274.0,,,,,,
47178,XVI,03/04/2024,"LAVORO, Politica del lavoro",18,it,4,2.0,12765,12637.0,,,,,,
47179,XVI,03/04/2024,"TRASPORTI E VIABILITÀ, Trasporti",19,it,4,2.0,2971,2856.0,,,,,,
47180,XVI,03/04/2024,"ENERGIA, Risparmio energetico e fonti alternative",20,it,4,2.0,8406,8274.0,,,,,,
47181,XVI,03/04/2024,ASSISTENZA SANITARIA E OSPEDALIERA,21,it,4,2.0,4417,4290.0,,,,,,
47182,XVI,03/04/2024,ASSISTENZA SANITARIA E OSPEDALIERA,22,it,4,2.0,1670,1543.0,,,,,,
47183,XVI,03/04/2024,ASSISTENZA SANITARIA E OSPEDALIERA,23,it,4,2.0,6711,6598.0,,,,,,
47184,XVI,03/04/2024,"ASSISTENZA SANITARIA E OSPEDALIERA, Azienda Regionale Sanitaria - U.S.L.",24,it,4,2.0,9647,9537.0,,,,,,
47185,XVI,03/04/2024,"EDILIZIA, Edilizia residenziale",25,it,4,2.0,5494,5351.0,,,,,,
47186,XVI,03/04/2024,"ASSISTENZA SANITARIA E OSPEDALIERA, Piano socio-sanitario regionale, INFORMAZIONE, Radiotelecomunicazioni",26,it,5,2.0,7435,7174.0,,,,,,
47187,XVI,03/04/2024,"AMBIENTE, Stoccaggio e smaltimento rifiuti, ASSISTENZA SANITARIA E OSPEDALIERA, Presidio ospedaliero",27,it,4,2.0,6010,5844.0,,,,,,
47188,XVI,03/04/2024,ASSISTENZA SANITARIA E OSPEDALIERA,28,it,4,2.0,7414,7323.0,,,,,,
47189,XVI,03/04/2024,ASSISTENZA SANITARIA E OSPEDALIERA,29,it,4,2.0,9655,9555.0,,,,,,
47190,XVI,03/04/2024,"CONSIGLIO REGIONALE, Costituzione e funzionamento degli organi consiliari",30,it,6,3.0,7801,7597.0,,,,,,
47191,XVI,03/04/2024,"AMBIENTE, AMMINISTRAZIONE REGIONALE, Ordinamento degli uffici e del personale",31,it,6,3.0,5072,4915.0,,,,,,
47192,XVI,03/04/2024,"INFORMAZIONE, Radiotelecomunicazioni",32,it,6,3.0,8403,8253.0,,,,,,
47193,XVI,03/04/2024,"ENERGIA, Energia idroelettrica",33,it,6,3.0,10959,10832.0,,,,,,
47194,XVI,03/04/2024,"AMMINISTRAZIONE REGIONALE, Ordinamento degli uffici e del personale",34,it,6,3.0,7419,7269.0,,,,,,
47195,XVI,03/04/2024,BENI CULTURALI,35,it,6,3.0,15774,15609.0,,,,,,
47196,XVI,03/04/2024,"BENI CULTURALI, Musei, biblioteche, archivi storici e aree di interesse archeologico",36,it,7,3.0,9412,9109.0,,,,,,
47197,XVI,03/04/2024,"AMMINISTRAZIONE REGIONALE, LINGUA FRANCESE",37,fr,6,3.0,10092,9909.0,,,,,,
47198,XVI,03/04/2024,AGRICOLTURA,38,it,6,3.0,6435,6299.0,,,,,,
47199,XVI,03/04/2024,"AMBIENTE, Flora e fauna",39,it,6,3.0,9599,9477.0,,,,,,
47200,XVI,03/04/2024,"AGRICOLTURA, Bonifica, miglioramenti e riordino fondiario",40,it,6,3.0,16707,16584.0,,,,,,
47201,XVI,03/04/2024,"AMBIENTE, Flora e fauna",41,it,6,3.0,10940,10811.0,,,,,,
47202,XVI,03/04/2024,"ASSISTENZA SOCIALE, Disabili, TRASPORTI E VIABILITÀ, Trasporti",42,it,6,3.0,7150,7040.0,,,,,,
47203,XVI,03/04/2024,ARTIGIANATO,43,it,6,3.0,17175,17030.0,,,,,,
47204,XVI,03/04/2024,"ASSETTO DEL TERRITORIO, Urbanistica e pianificazione territoriale",44,it,6,3.0,18947,18823.0,,,,,,
47205,XVI,03/04/2024,"ASSISTENZA SOCIALE, Assistenza socio-sanitaria",45,it,6,3.0,8643,8506.0,,,,,,
47206,XVI,03/04/2024,"EDILIZIA, Edilizia residenziale",46,it,7,3.0,14428,14148.0,,,,,,
47822,XVI,03/10/2024,"EDILIZIA, Edilizia residenziale",1,it,25,12.0,40866,39567.0,,,,,,
47823,XVI,03/10/2024,"ASSISTENZA SOCIALE, Famiglia, tutela dell'infanzia, EDILIZIA, Edilizia residenziale",2,it,2,1.0,574,413.0,,,,,,
47824,XVI,03/10/2024,"SANITÀ VETERINARIA E ZOOTECNIA, Sanità veterinaria",3,it,6,3.0,3799,3594.0,,,,,,
47825,XVI,03/10/2024,"ASSISTENZA SANITARIA E OSPEDALIERA, Azienda Regionale Sanitaria - U.S.L.",4,it,6,3.0,4103,3933.0,,,,,,
47826,XVI,03/10/2024,"TURISMO E INDUSTRIA ALBERGHIERA, Ricettività turistica",5,it,6,3.0,3734,3597.0,,,,,,
47827,XVI,03/10/2024,"EDILIZIA, Edilizia residenziale",6,it,1,,96,,,,,,,
47828,XVI,03/10/2024,AGRICOLTURA,7,it,4,2.0,5924,5832.0,,,,,,
47829,XVI,03/10/2024,"AMBIENTE, Flora e fauna, SANITÀ VETERINARIA E ZOOTECNIA, Zootecnia",8,it,4,2.0,4149,4043.0,,,,,,
47830,XVI,03/10/2024,CACCIA E PESCA,9,it,7,3.0,6180,5924.0,,,,,,
47831,XVI,03/10/2024,"ASSISTENZA SOCIALE, Famiglia, tutela dell'infanzia, EDILIZIA, Edilizia residenziale",10,it,7,3.0,9979,9392.0,,,,,,
47832,XVI,03/10/2024,"SPORT E TEMPO LIBERO, Sport invernali",11,it,8,4.0,8741,8501.0,,,,,,
47833,XVI,03/10/2024,"TRASPORTI E VIABILITÀ, Trasporti",12,it,4,2.0,7381,7297.0,,,,,,
47834,XVI,03/10/2024,"TRASPORTI E VIABILITÀ, Viabilità",13,it,4,2.0,6950,6870.0,,,,,,
47835,XVI,03/10/2024,INDUSTRIA,14,it,4,2.0,4936,4825.0,,,,,,
47836,XVI,03/10/2024,"AMMINISTRAZIONE REGIONALE, Celebrazioni, ASSISTENZA SOCIALE, Disabili",15,it,4,2.0,5767,5593.0,,,,,,
47837,XVI,03/10/2024,"ASSISTENZA SANITARIA E OSPEDALIERA, Presidio ospedaliero",16,it,4,2.0,4140,4027.0,,,,,,
47838,XVI,03/10/2024,"ASSISTENZA SANITARIA E OSPEDALIERA, Personale medico e paramedico",17,it,4,2.0,6946,6805.0,,,,,,
47839,XVI,03/10/2024,ISTRUZIONE PUBBLICA,18,it,6,3.0,8361,8110.0,,,,,,
47840,XVI,03/10/2024,"BENI CULTURALI, Interventi vari",19,it,7,3.0,18932,18630.0,,,,,,
47841,XVI,03/10/2024,"ASSISTENZA SANITARIA E OSPEDALIERA, Presidio ospedaliero, BENI CULTURALI, Musei, biblioteche, archivi storici e aree di interesse archeologico",20,it,6,3.0,16829,16373.0,,,,,,
47842,XVI,03/10/2024,"ISTRUZIONE PUBBLICA, Personale docente e non docente",21,it,7,3.0,5157,4780.0,,,,,,
47843,XVI,03/10/2024,"ISTRUZIONE PUBBLICA, Personale docente e non docente",22,it,9,4.0,20149,19827.0,,,,,,
47844,XVI,03/10/2024,"ISTRUZIONE PUBBLICA, Personale docente e non docente",23,it,6,3.0,11366,11152.0,,,,,,
47845,XVI,03/10/2024,"AMBIENTE, Flora e fauna, TRASPORTI E VIABILITÀ, Strade di interesse regionale",24,it,6,3.0,5454,5242.0,,,,,,
47846,XVI,03/10/2024,"TRASPORTI E VIABILITÀ, Trasporti",25,it,6,3.0,6598,6417.0,,,,,,
47847,XVI,03/10/2024,"SPORT E TEMPO LIBERO, Sport invernali",26,it,6,3.0,12226,12032.0,,,,,,
47848,XVI,03/10/2024,"ASSETTO DEL TERRITORIO, Difesa ed uso del suolo - Sistemazione idrogeologica",27,it,6,3.0,10213,10038.0,,,,,,
47849,XVI,03/10/2024,"EDILIZIA, Edilizia pubblica, ISTRUZIONE PUBBLICA, Università",28,it,7,3.0,14609,14154.0,,,,,,
47850,XVI,03/10/2024,"EDILIZIA, Edilizia pubblica",29,it,6,3.0,8908,8426.0,,,,,,
47851,XVI,03/10/2024,"ASSISTENZA SOCIALE, Famiglia, tutela dell'infanzia",30,it,6,3.0,14796,14597.0,,,,,,
47852,XVI,03/10/2024,ASSISTENZA SANITARIA E OSPEDALIERA,31,it,6,3.0,5402,5256.0,,,,,,
47853,XVI,03/10/2024,"ASSISTENZA SOCIALE, Disabili, Famiglia, tutela dell'infanzia",32,it,6,3.0,8415,8235.0,,,,,,
47854,XVI,03/10/2024,"ASSISTENZA SANITARIA E OSPEDALIERA, Piano socio-sanitario regionale",33,it,6,3.0,15109,14885.0,,,,,,
47855,XVI,03/10/2024,"ASSISTENZA SANITARIA E OSPEDALIERA, ASSISTENZA SOCIALE, Famiglia, tutela dell'infanzia",34,it,6,3.0,19819,19613.0,,,,,,
47856,XVI,03/10/2024,"COMMERCIO, Disciplina, attività, professioni",35,it,6,3.0,16743,16541.0,,,,,,
47857,XVI,03/10/2024,"TURISMO E INDUSTRIA ALBERGHIERA, Professioni turistiche",36,it,6,3.0,13760,13562.0,,,,,,
47858,XVI,03/10/2024,"TURISMO E INDUSTRIA ALBERGHIERA, Ricettività turistica",37,it,6,3.0,12411,12217.0,,,,,,
47859,XVI,03/10/2024,"CONSIGLIO REGIONALE, Attività consiliare d'aula",38,it,1,,302,,,,,,,
47207,XVI,04/04/2024,"ASSISTENZA SOCIALE, Disabili",1,it,10,5.0,11203,10843.0,,,,,,
47208,XVI,04/04/2024,TURISMO E INDUSTRIA ALBERGHIERA,2,it,6,3.0,12601,12437.0,,,,,,
47209,XVI,04/04/2024,"SPORT E TEMPO LIBERO, Infrastrutture ricreativo-sportive",3,it,6,3.0,19378,19214.0,,,,,,
47210,XVI,04/04/2024,"EDILIZIA, Edilizia residenziale, ENERGIA, Risparmio energetico e fonti alternative, UNIONE EUROPEA E RAPPORTI INTERNAZIONALI",4,it,34,16.0,75482,73289.0,35.0,24.0,15.0,9.0,11.0,approvato
47211,XVI,04/04/2024,"ENERGIA, Energia idroelettrica, NORME DI ATTUAZIONE",5,it,11,5.0,41592,40565.0,,,,,,
47212,XVI,04/04/2024,"ENERGIA, Energia idroelettrica, NORME DI ATTUAZIONE",6,it,11,5.0,16669,12418.0,35.0,7.0,7.0,,28.0,non approvato
47213,XVI,04/04/2024,"EDILIZIA, Edilizia pubblica, FINANZA REGIONALE E LOCALE",7,it,7,3.0,23330,22982.0,,,,,,
47214,XVI,04/04/2024,"ATTIVITÀ CULTURALI, MINORANZE ETNICHE E MOVIMENTI MIGRATORI, Minoranze etniche",8,fr,8,4.0,25232,24764.0,,,,,,
47215,XVI,04/04/2024,"ORDINE PUBBLICO - FORZE ARMATE, TRASPORTI E VIABILITÀ, Trasporti",9,it,7,3.0,7803,7424.0,,,,,,
47216,XVI,04/04/2024,"TRASPORTI E VIABILITÀ, Trasporti",10,it,7,3.0,8098,7589.0,,,,,,
47217,XVI,04/04/2024,"EDILIZIA, Edilizia residenziale",11,it,17,8.0,34340,32789.0,33.0,,14.0,,19.0,non approvato
47218,XVI,04/04/2024,"CONSIGLIO REGIONALE, Attività consiliare d'aula",12,it,1,,91,,,,,,,
47219,XVI,04/04/2024,ASSISTENZA SANITARIA E OSPEDALIERA,13,it,23,11.0,35391,34076.0,35.0,,9.0,,26.0,non approvato
47220,XVI,04/04/2024,"SPORT E TEMPO LIBERO, Manifestazioni sportive",14,it,9,4.0,11081,10518.0,,,,,,
47401,XVI,05/06/2024,"CONSIGLIO REGIONALE, Attività consiliare d'aula",1,it,13,6.0,13202,9353.0,,,,,,
47402,XVI,05/06/2024,"CONSIGLIO REGIONALE, Attività consiliare d'aula",2,it,10,5.0,20206,19798.0,,,,,,
47403,XVI,05/06/2024,"CONSIGLIO REGIONALE, Attività consiliare d'aula",3,it,1,,142,,,,,,,
47404,XVI,05/06/2024,BILANCIO E CONTABILITA' REGIONALE,4,it,14,6.0,62909,56379.0,,,,,,
47405,XVI,05/06/2024,BILANCIO E CONTABILITA' REGIONALE,5,it,31,15.0,74701,73086.0,,,,,,
47406,XVI,05/06/2024,BILANCIO E CONTABILITA' REGIONALE,6,it,110,54.0,130124,119983.0,34.0,,15.0,,19.0,non approvato
47881,XVI,05/11/2024,"CONSIGLIO REGIONALE, Attività consiliare d'aula",1,it,21,10.0,21793,18659.0,,,,,,
47882,XVI,05/11/2024,"CONSIGLIO REGIONALE, Attività consiliare d'aula",2,it,12,6.0,13036,12722.0,,,,,,
47883,XVI,05/11/2024,"CONSIGLIO REGIONALE, Attività consiliare d'aula",3,it,1,,73,,,,,,,
47884,XVI,05/11/2024,"CONSIGLIO REGIONALE, Costituzione e funzionamento degli organi consiliari",4,it,9,4.0,21122,20432.0,,,,,,
47885,XVI,05/11/2024,FINANZA REGIONALE E LOCALE,5,it,17,8.0,32794,29743.0,34.0,11.0,11.0,,23.0,non approvato
47886,XVI,05/11/2024,BILANCIO E CONTABILITA' REGIONALE,6,it,3,1.0,2934,1721.0,34.0,18.0,18.0,,16.0,approvato
47888,XVI,05/11/2024,"ISTRUZIONE PUBBLICA, Istituzioni scolastiche",8,it,21,10.0,26975,25242.0,,,,,,
47889,XVI,05/11/2024,"ISTRUZIONE PUBBLICA, Istituzioni scolastiche",9,it,11,5.0,16536,14534.0,33.0,24.0,24.0,,9.0,approvato
47890,XVI,05/11/2024,COOPERAZIONE,10,it,35,17.0,33930,29292.0,28.0,25.0,25.0,,3.0,approvato
47891,XVI,05/11/2024,"TURISMO E INDUSTRIA ALBERGHIERA, Contributi, incentivi",11,it,25,12.0,42267,39240.0,27.0,27.0,27.0,,19.0,approvato
47892,XVI,05/11/2024,"SPORT E TEMPO LIBERO, Enti e Società sportive",12,it,13,6.0,25757,24282.0,19.0,19.0,19.0,,,approvato
47893,XVI,05/11/2024,"ASSISTENZA SANITARIA E OSPEDALIERA, Igiene e sanità pubblica",13,it,17,8.0,46233,44487.0,35.0,16.0,16.0,,19.0,non approvato
47894,XVI,05/11/2024,"PROTEZIONE CIVILE, VIGILI DEL FUOCO E INTERVENTI PER CALAMITÀ NATURALI, Vigili del fuoco - Difesa antincendi",14,it,13,6.0,33252,32162.0,35.0,9.0,9.0,,26.0,non approvato
47895,XVI,05/11/2024,"CONSIGLIO REGIONALE, Organizzazione degli uffici",15,it,17,8.0,20622,17562.0,35.0,16.0,16.0,,19.0,non approvato
47896,XVI,05/11/2024,"ENERGIA, FINANZA REGIONALE E LOCALE",16,it,17,8.0,24053,23327.0,35.0,35.0,35.0,,,approvato
47897,XVI,05/11/2024,(Nessuna classificazione presente),17,it,25,12.0,69969,67002.0,34.0,8.0,2.0,6.0,26.0,non approvato
47021,XVI,06/03/2024,"CONSIGLIO REGIONALE, Attività consiliare d'aula",1,it,32,15.0,27035,23166.0,,,,,,
47022,XVI,06/03/2024,"CONSIGLIO REGIONALE, Attività consiliare d'aula",2,it,1,,66,,,,,,,
47023,XVI,06/03/2024,"CONSIGLIO REGIONALE, Attività consiliare d'aula",3,it,1,,90,,,,,,,
47024,XVI,06/03/2024,CONSULTE COMMISSIONI E ORGANI COLLEGIALI,4,it,1,,2394,,,,,,,
47025,XVI,06/03/2024,BILANCIO E CONTABILITA' REGIONALE,5,it,1,,76,,,,,,,
47026,XVI,06/03/2024,"AMBIENTE, ENERGIA",6,it,18,8.0,114746,113680.0,,,,,,
47027,XVI,06/03/2024,"AMBIENTE, ENERGIA",7,it,94,46.0,133568,127997.0,35.0,14.0,14.0,,21.0,non approvato
47028,XVI,06/03/2024,"AMBIENTE, ENERGIA",8,it,31,15.0,43449,39434.0,35.0,2.0,2.0,6.0,33.0,non approvato
47407,XVI,06/06/2024,BILANCIO E CONTABILITA' REGIONALE,1,it,85,42.0,145095,137967.0,33.0,2.0,2.0,5.0,31.0,non approvato
47408,XVI,06/06/2024,BILANCIO E CONTABILITA' REGIONALE,2,it,13,6.0,13833,12887.0,33.0,14.0,14.0,,19.0,non approvato
47409,XVI,06/06/2024,"AMMINISTRAZIONE REGIONALE, Amministrazione della giustizia",3,it,1,,265,,,,,,,
47410,XVI,06/06/2024,BILANCIO E CONTABILITA' REGIONALE,4,it,1,,1661,,33.0,19.0,19.0,,14.0,approvato
47411,XVI,06/06/2024,BILANCIO E CONTABILITA' REGIONALE,5,it,21,10.0,24424,9195.0,33.0,19.0,19.0,7.0,14.0,approvato
47412,XVI,06/06/2024,BILANCIO E CONTABILITA' REGIONALE,6,it,1,,70,,,,,,,
47413,XVI,06/06/2024,"CONSIGLIO REGIONALE, Attività consiliare d'aula",7,it,1,,228,,,,,,,
47414,XVI,06/06/2024,"CONSIGLIO REGIONALE, Anagrafe patrimoniale - Indennità e previdenza",8,it,7,3.0,10163,8828.0,,,,,,
47415,XVI,06/06/2024,"ENERGIA, Risparmio energetico e fonti alternative",9,it,6,3.0,3898,3646.0,,,,,,
47416,XVI,06/06/2024,"SPORT E TEMPO LIBERO, Infrastrutture ricreativo-sportive",10,it,6,3.0,3919,3790.0,,,,,,
47417,XVI,06/06/2024,"TRASPORTI E VIABILITÀ, Viabilità",11,it,1,,69,,,,,,,
47418,XVI,06/06/2024,"ASSISTENZA SANITARIA E OSPEDALIERA, Presidio ospedaliero, EDILIZIA, Edilizia pubblica",12,it,1,,46,,,,,,,
47419,XVI,06/06/2024,"ASSISTENZA SOCIALE, Assistenza socio-sanitaria",13,it,14,7.0,17214,16671.0,,,,,,
47420,XVI,06/06/2024,"ASSISTENZA SANITARIA E OSPEDALIERA, Farmacie",14,it,4,2.0,5445,5337.0,,,,,,
47421,XVI,06/06/2024,ASSISTENZA SANITARIA E OSPEDALIERA,15,it,7,3.0,9523,9019.0,,,,,,
47422,XVI,06/06/2024,"AMMINISTRAZIONE REGIONALE, Ordinamento degli uffici e del personale, PROTEZIONE CIVILE, VIGILI DEL FUOCO E INTERVENTI PER CALAMITÀ NATURALI, Vigili del fuoco - Difesa antincendi",16,it,4,2.0,3159,2876.0,,,,,,
47423,XVI,06/06/2024,"ISTRUZIONE PUBBLICA, MINORANZE ETNICHE E MOVIMENTI MIGRATORI, Movimenti migratori",17,it,4,2.0,4925,4770.0,,,,,,
47424,XVI,06/06/2024,"AGRICOLTURA, Fabbricati rurali",18,it,4,2.0,6161,6034.0,,,,,,
47425,XVI,06/06/2024,"AGRICOLTURA, Bonifica, miglioramenti e riordino fondiario, SPORT E TEMPO LIBERO",19,it,4,2.0,2411,2283.0,,,,,,
47426,XVI,06/06/2024,"ORDINE PUBBLICO - FORZE ARMATE, Pubblica sicurezza, TRASPORTI E VIABILITÀ, Trasporti",20,it,4,2.0,4812,4667.0,,,,,,
47427,XVI,06/06/2024,"AMBIENTE, TRASPORTI E VIABILITÀ, Trasporti",21,it,4,2.0,8971,8824.0,,,,,,
47428,XVI,06/06/2024,"SPORT E TEMPO LIBERO, Infrastrutture ricreativo-sportive",22,it,1,,223,,,,,,,
47429,XVI,06/06/2024,AMBIENTE,23,it,4,2.0,5324,5181.0,,,,,,
47430,XVI,06/06/2024,COMMERCIO,24,it,4,2.0,7927,7697.0,,,,,,
47431,XVI,06/06/2024,"CONSIGLIO REGIONALE, Attività consiliare d'aula",25,it,1,,153,,,,,,,
47432,XVI,06/06/2024,"AMMINISTRAZIONE REGIONALE, Ordinamento degli uffici e del personale",26,it,6,3.0,5524,5299.0,,,,,,
47433,XVI,06/06/2024,"PROTEZIONE CIVILE, VIGILI DEL FUOCO E INTERVENTI PER CALAMITÀ NATURALI, Vigili del fuoco - Difesa antincendi, TRASPORTI E VIABILITÀ, Aeroporti",27,it,6,3.0,9266,9063.0,,,,,,
47434,XVI,06/06/2024,"ISTRUZIONE PUBBLICA, SPORT E TEMPO LIBERO",28,it,6,3.0,9990,9791.0,,,,,,
47435,XVI,06/06/2024,ISTRUZIONE PUBBLICA,29,it,6,3.0,10925,10732.0,,,,,,
47436,XVI,06/06/2024,"ASSISTENZA SOCIALE, Politiche giovanili",30,it,6,3.0,18352,18157.0,,,,,,
47437,XVI,06/06/2024,"CONSIGLIO REGIONALE, Attività consiliare d'aula",31,it,1,,212,,,,,,,
47898,XVI,06/11/2024,"TRASPORTI E VIABILITÀ, Trasporti",1,it,28,13.0,50493,48586.0,35.0,11.0,11.0,,24.0,non approvato
47899,XVI,06/11/2024,"ASSISTENZA SANITARIA E OSPEDALIERA, Azienda Regionale Sanitaria - U.S.L.",2,it,11,5.0,8210,6961.0,34.0,16.0,16.0,,18.0,non approvato
47900,XVI,06/11/2024,"ASSISTENZA SANITARIA E OSPEDALIERA, Presidio ospedaliero, EDILIZIA, Edilizia pubblica",3,it,40,20.0,70627,68548.0,35.0,16.0,16.0,,19.0,non approvato
47901,XVI,06/11/2024,ASSISTENZA SANITARIA E OSPEDALIERA,4,it,11,5.0,12047,10590.0,35.0,8.0,2.0,6.0,27.0,non approvato
47902,XVI,06/11/2024,"SANITÀ VETERINARIA E ZOOTECNIA, Sanità veterinaria",5,it,11,5.0,32431,31375.0,34.0,11.0,11.0,,23.0,non approvato
47903,XVI,06/11/2024,"EDILIZIA, Edilizia residenziale",6,it,17,8.0,44861,43911.0,35.0,16.0,16.0,,19.0,non approvato
47904,XVI,06/11/2024,SANITÀ VETERINARIA E ZOOTECNIA,7,it,3,1.0,2028,1896.0,,,,,,
47905,XVI,06/11/2024,"EDILIZIA, Edilizia pubblica, ISTRUZIONE PUBBLICA, Università",8,it,6,3.0,3305,3131.0,,,,,,
47906,XVI,06/11/2024,"AMBIENTE, Inquinamento",9,it,6,3.0,2730,2592.0,,,,,,
47907,XVI,06/11/2024,"ORDINE PUBBLICO - FORZE ARMATE, Pubblica sicurezza",10,it,6,3.0,4255,4125.0,,,,,,
47908,XVI,06/11/2024,"TRASPORTI E VIABILITÀ, Autostrade e trafori alpini",11,it,6,3.0,4243,4119.0,,,,,,
47909,XVI,06/11/2024,ASSISTENZA SANITARIA E OSPEDALIERA,12,it,6,3.0,4971,4839.0,,,,,,
47910,XVI,06/11/2024,"ASSISTENZA SANITARIA E OSPEDALIERA, Azienda Regionale Sanitaria - U.S.L.",13,it,6,3.0,5566,5431.0,,,,,,
47911,XVI,06/11/2024,"OPERE PUBBLICHE, ORDINE PUBBLICO - FORZE ARMATE, Pubblica sicurezza",14,it,1,,42,,,,,,,
47912,XVI,06/11/2024,"EDILIZIA, Centri storici",15,it,4,2.0,2379,2293.0,,,,,,
47913,XVI,06/11/2024,DEMANIO E PATRIMONIO REGIONALE,16,it,1,,133,,,,,,,
47914,XVI,06/11/2024,DEMANIO E PATRIMONIO REGIONALE,17,fr,4,2.0,2404,2294.0,,,,,,
47915,XVI,06/11/2024,"CONSIGLIO REGIONALE, ORDINE PUBBLICO - FORZE ARMATE",18,fr,5,2.0,3084,2741.0,,,,,,
47916,XVI,06/11/2024,"TRASPORTI E VIABILITÀ, Autostrade e trafori alpini",19,it,4,2.0,7889,7730.0,,,,,,
47917,XVI,06/11/2024,"AMMINISTRAZIONE REGIONALE, BILANCIO E CONTABILITA' REGIONALE",20,it,14,7.0,10167,9756.0,,,,,,
47918,XVI,06/11/2024,CASA DA GIOCO,21,it,10,5.0,6530,6113.0,,,,,,
47919,XVI,06/11/2024,"ACQUE, NORME DI ATTUAZIONE",22,it,4,4.0,5820,5820.0,,,,,,
47920,XVI,06/11/2024,"TRASPORTI E VIABILITÀ, Autostrade e trafori alpini",23,it,4,2.0,2081,1955.0,,,,,,
47921,XVI,06/11/2024,"PROTEZIONE CIVILE, VIGILI DEL FUOCO E INTERVENTI PER CALAMITÀ NATURALI, Calamità naturali",24,it,4,2.0,2979,2826.0,,,,,,
47922,XVI,06/11/2024,"FORESTE E TERRITORI MONTANI, ISTRUZIONE PUBBLICA",25,it,4,2.0,9769,9621.0,,,,,,
47923,XVI,06/11/2024,"ENERGIA, Risparmio energetico e fonti alternative",26,it,4,2.0,8868,8724.0,,,,,,
47924,XVI,06/11/2024,"TRASPORTI E VIABILITÀ, Trasporti",27,it,4,2.0,7733,7591.0,,,,,,
47925,XVI,06/11/2024,"TRASPORTI E VIABILITÀ, Trasporti",28,it,4,2.0,4823,4679.0,,,,,,
47926,XVI,06/11/2024,"TRASPORTI E VIABILITÀ, Impianti a fune",29,it,4,2.0,6594,6450.0,,,,,,
47927,XVI,06/11/2024,"INDUSTRIA, LAVORO",30,it,4,2.0,5489,5337.0,,,,,,
47928,XVI,06/11/2024,"SPORT E TEMPO LIBERO, Infrastrutture ricreativo-sportive",31,it,4,2.0,6685,6543.0,,,,,,
47929,XVI,06/11/2024,"EDILIZIA, Edilizia residenziale",32,it,4,2.0,2854,2428.0,,,,,,
47930,XVI,06/11/2024,"TRASPORTI E VIABILITÀ, Viabilità",33,it,4,2.0,10356,10274.0,,,,,,
47931,XVI,06/11/2024,"TRASPORTI E VIABILITÀ, Viabilità",34,it,4,2.0,7515,7426.0,,,,,,
47932,XVI,06/11/2024,"ASSISTENZA SANITARIA E OSPEDALIERA, Piano socio-sanitario regionale",35,it,4,2.0,7219,7142.0,,,,,,
47933,XVI,06/11/2024,"ASSISTENZA SANITARIA E OSPEDALIERA, Personale medico e paramedico",36,it,8,4.0,6848,6678.0,,,,,,
47934,XVI,06/11/2024,"ASSISTENZA SANITARIA E OSPEDALIERA, Presidio ospedaliero",37,it,4,2.0,7216,7140.0,,,,,,
47935,XVI,06/11/2024,"ASSISTENZA SANITARIA E OSPEDALIERA, Azienda Regionale Sanitaria - U.S.L.",38,it,4,2.0,6862,6776.0,,,,,,
47936,XVI,06/11/2024,"ASSISTENZA SANITARIA E OSPEDALIERA, Azienda Regionale Sanitaria - U.S.L., ASSISTENZA SOCIALE, Disabili",39,it,5,2.0,6232,5946.0,,,,,,
47029,XVI,07/03/2024,"AMBIENTE, ENERGIA",1,it,23,11.0,35325,34113.0,35.0,19.0,19.0,,16.0,approvato
47030,XVI,07/03/2024,"CONSULTE COMMISSIONI E ORGANI COLLEGIALI, GIUNTA REGIONALE",2,it,10,5.0,4327,4054.0,,,,,,
47031,XVI,07/03/2024,ASSISTENZA SOCIALE,3,it,6,3.0,4091,3958.0,,,,,,
47032,XVI,07/03/2024,ASSISTENZA SANITARIA E OSPEDALIERA,4,it,6,3.0,5480,5358.0,,,,,,
47033,XVI,07/03/2024,"ASSISTENZA SANITARIA E OSPEDALIERA, Presidio ospedaliero, Servizio di emergenza sanitaria (118)",5,it,1,,33,,,,,,,
47034,XVI,07/03/2024,"ASSISTENZA SOCIALE, Disabili, TRASPORTI E VIABILITÀ",6,it,4,2.0,7905,7814.0,,,,,,
47035,XVI,07/03/2024,FINANZA REGIONALE E LOCALE,7,it,4,2.0,5673,5589.0,,,,,,
47036,XVI,07/03/2024,"AMMINISTRAZIONE REGIONALE, Ordinamento degli uffici e del personale, LAVORO, Infortunistica - Previdenza - Tutela della salute",8,it,4,2.0,4299,4189.0,,,,,,
47037,XVI,07/03/2024,"ISTRUZIONE PUBBLICA, Università",9,it,4,2.0,8970,8800.0,,,,,,
47038,XVI,07/03/2024,COMMERCIO,10,it,4,2.0,10133,10005.0,,,,,,
47039,XVI,07/03/2024,LAVORO,11,it,5,2.0,10950,10658.0,,,,,,
47040,XVI,07/03/2024,"TRASPORTI E VIABILITÀ, Impianti a fune",12,it,4,2.0,6963,6783.0,,,,,,
47041,XVI,07/03/2024,"BENI CULTURALI, Interventi vari, ENERGIA",13,it,4,2.0,8882,8796.0,,,,,,
47042,XVI,07/03/2024,"TRASPORTI E VIABILITÀ, Trasporti, Strade di interesse regionale",14,it,4,2.0,2962,2871.0,,,,,,
47043,XVI,07/03/2024,"ENERGIA, Risparmio energetico e fonti alternative",15,it,4,2.0,5881,5790.0,,,,,,
47044,XVI,07/03/2024,ENERGIA,16,it,4,2.0,5073,4999.0,,,,,,
47045,XVI,07/03/2024,"EDILIZIA, ISTRUZIONE PUBBLICA, OPERE PUBBLICHE",17,it,4,2.0,2597,2503.0,,,,,,
47046,XVI,07/03/2024,"FINANZA REGIONALE E LOCALE, Partecipazioni azionarie regionali",18,it,6,3.0,11802,11628.0,,,,,,
47047,XVI,07/03/2024,"AGRICOLTURA, FINANZA REGIONALE E LOCALE, Partecipazioni azionarie regionali",19,it,7,3.0,7446,4804.0,,,,,,
47048,XVI,07/03/2024,"ENTI LOCALI, OPERE PUBBLICHE",20,it,7,3.0,10337,10073.0,,,,,,
47049,XVI,07/03/2024,EDILIZIA,21,it,6,3.0,9721,9477.0,,,,,,
47050,XVI,07/03/2024,"EDILIZIA, Edilizia residenziale",22,it,6,3.0,11634,11470.0,,,,,,
47051,XVI,07/03/2024,"TRASPORTI E VIABILITÀ, Viabilità",23,it,6,3.0,5993,5783.0,,,,,,
47052,XVI,07/03/2024,"DEMANIO E PATRIMONIO REGIONALE, EDILIZIA, Centri storici, ISTRUZIONE PUBBLICA",24,it,6,3.0,6704,6563.0,,,,,,
47053,XVI,07/03/2024,"BENI CULTURALI, Musei, biblioteche, archivi storici e aree di interesse archeologico",25,it,6,3.0,4611,4467.0,,,,,,
47054,XVI,07/03/2024,"ASSISTENZA SANITARIA E OSPEDALIERA, BENI CULTURALI, Musei, biblioteche, archivi storici e aree di interesse archeologico",26,it,6,3.0,14171,14032.0,,,,,,
47055,XVI,07/03/2024,"FINANZA REGIONALE E LOCALE, Partecipazioni azionarie regionali, ISTRUZIONE PUBBLICA, Personale docente e non docente",27,it,6,3.0,7460,7281.0,,,,,,
47056,XVI,07/03/2024,CACCIA E PESCA,28,it,6,3.0,11389,11282.0,,,,,,
47057,XVI,07/03/2024,"ENERGIA, FORESTE E TERRITORI MONTANI, Corpo forestale valdostano e relative strutture",29,it,6,3.0,16918,16800.0,,,,,,
47058,XVI,07/03/2024,"TRASPORTI E VIABILITÀ, Impianti a fune",30,it,7,3.0,19788,19546.0,,,,,,
47059,XVI,07/03/2024,"EDILIZIA, Edilizia pubblica, ENTI LOCALI",31,it,6,3.0,14971,14796.0,,,,,,
47060,XVI,07/03/2024,INFORMAZIONE,32,it,6,3.0,9124,9015.0,,,,,,
47061,XVI,07/03/2024,"EDILIZIA, Edilizia pubblica",33,it,6,3.0,7259,7154.0,,,,,,
47062,XVI,07/03/2024,"ASSISTENZA SANITARIA E OSPEDALIERA, Personale medico e paramedico",34,it,6,3.0,6900,6792.0,,,,,,
47063,XVI,07/03/2024,"ASSISTENZA SANITARIA E OSPEDALIERA, ASSISTENZA SOCIALE",35,it,9,4.0,22988,22288.0,,,,,,
47064,XVI,07/03/2024,"ASSISTENZA SANITARIA E OSPEDALIERA, ASSISTENZA SOCIALE",36,it,6,3.0,9579,9454.0,,,,,,
47065,XVI,07/03/2024,"ASSISTENZA SANITARIA E OSPEDALIERA, ASSISTENZA SOCIALE",37,it,6,3.0,17216,17105.0,,,,,,
47066,XVI,07/03/2024,"ASSISTENZA SANITARIA E OSPEDALIERA, ASSISTENZA SOCIALE",38,it,6,3.0,10671,10538.0,,,,,,
47067,XVI,07/03/2024,"AGRICOLTURA, COMMERCIO",39,it,8,4.0,8243,8074.0,,,,,,
47068,XVI,07/03/2024,"CONSIGLIO REGIONALE, Attività consiliare d'aula",40,it,1,,247,,,,,,,
47937,XVI,07/11/2024,"ASSISTENZA SANITARIA E OSPEDALIERA, Personale medico e paramedico, ORDINE PUBBLICO - FORZE ARMATE, Pubblica sicurezza",1,it,4,2.0,7014,6780.0,,,,,,
47938,XVI,07/11/2024,"ASSISTENZA SANITARIA E OSPEDALIERA, Personale medico e paramedico, ASSISTENZA SOCIALE, Assistenza socio-sanitaria",2,it,6,3.0,20459,20286.0,,,,,,
47939,XVI,07/11/2024,"ASSISTENZA SOCIALE, Famiglia, tutela dell'infanzia",3,it,4,2.0,4863,4760.0,,,,,,
47940,XVI,07/11/2024,"ASSISTENZA SANITARIA E OSPEDALIERA, Personale medico e paramedico",4,it,4,2.0,6468,6362.0,,,,,,
47941,XVI,07/11/2024,ASSISTENZA SOCIALE,5,it,4,2.0,9935,9838.0,,,,,,
47942,XVI,07/11/2024,CASA DA GIOCO,6,it,6,3.0,6735,6581.0,,,,,,
47943,XVI,07/11/2024,"FINANZA REGIONALE E LOCALE, Finaosta",7,it,6,3.0,16041,15860.0,,,,,,
47944,XVI,07/11/2024,"AMMINISTRAZIONE REGIONALE, Ordinamento degli uffici e del personale",8,it,6,3.0,16292,16140.0,,,,,,
47945,XVI,07/11/2024,"PROTEZIONE CIVILE, VIGILI DEL FUOCO E INTERVENTI PER CALAMITÀ NATURALI, Vigili del fuoco - Difesa antincendi",9,it,6,3.0,6075,5890.0,,,,,,
47946,XVI,07/11/2024,"FINANZA REGIONALE E LOCALE, Partecipazioni azionarie regionali",10,it,15,7.0,20572,19746.0,,,,,,
47947,XVI,07/11/2024,"ISTRUZIONE PUBBLICA, Università",11,it,6,3.0,8982,8776.0,,,,,,
47948,XVI,07/11/2024,"ISTRUZIONE PUBBLICA, Personale docente e non docente",12,it,6,3.0,11597,11435.0,,,,,,
47949,XVI,07/11/2024,TURISMO E INDUSTRIA ALBERGHIERA,13,it,6,3.0,8050,7931.0,,,,,,
47950,XVI,07/11/2024,"TRASPORTI E VIABILITÀ, Impianti a fune",14,it,6,3.0,12210,12003.0,,,,,,
47952,XVI,07/11/2024,"TRASPORTI E VIABILITÀ, Trasporti, Aeroporti",16,it,6,3.0,6929,6750.0,,,,,,
47953,XVI,07/11/2024,"TRASPORTI E VIABILITÀ, Viabilità",17,it,7,3.0,7501,7155.0,,,,,,
47954,XVI,07/11/2024,"ASSISTENZA SANITARIA E OSPEDALIERA, Igiene e sanità pubblica",18,it,6,3.0,11444,11226.0,,,,,,
47955,XVI,07/11/2024,"ASSISTENZA SOCIALE, Assistenza socio-sanitaria",19,it,6,3.0,12746,12488.0,,,,,,
47956,XVI,07/11/2024,"ASSISTENZA SOCIALE, Famiglia, tutela dell'infanzia",20,it,6,3.0,8643,8455.0,,,,,,
47957,XVI,07/11/2024,"ASSISTENZA SANITARIA E OSPEDALIERA, Azienda Regionale Sanitaria - U.S.L., Personale medico e paramedico",21,it,6,3.0,8007,7834.0,,,,,,
47958,XVI,07/11/2024,"ASSISTENZA SOCIALE, Disabili, Associazionismo - volontariato",22,it,6,3.0,9523,9373.0,,,,,,
47959,XVI,07/11/2024,"ASSISTENZA SOCIALE, Famiglia, tutela dell'infanzia",23,it,6,3.0,14973,14805.0,,,,,,
47960,XVI,07/11/2024,ASSISTENZA SANITARIA E OSPEDALIERA,24,it,6,3.0,6650,6502.0,,,,,,
47961,XVI,07/11/2024,"ASSISTENZA SOCIALE, Famiglia, tutela dell'infanzia, EDILIZIA, Edilizia residenziale",25,it,6,3.0,19875,19752.0,,,,,,
47962,XVI,07/11/2024,"ASSISTENZA SANITARIA E OSPEDALIERA, Azienda Regionale Sanitaria - U.S.L., Personale medico e paramedico",26,it,11,5.0,12616,12010.0,,,,,,
47963,XVI,07/11/2024,"ASSISTENZA SANITARIA E OSPEDALIERA, Piano socio-sanitario regionale",27,it,6,3.0,16541,16334.0,,,,,,
47964,XVI,07/11/2024,"ASSISTENZA SOCIALE, Famiglia, tutela dell'infanzia",28,it,6,3.0,4353,4186.0,,,,,,
47965,XVI,07/11/2024,"ASSISTENZA SOCIALE, Assistenza socio-sanitaria",29,it,6,3.0,18463,18296.0,,,,,,
47966,XVI,07/11/2024,"AGRICOLTURA, Agriturismo, TURISMO E INDUSTRIA ALBERGHIERA, Ricettività turistica",30,it,9,4.0,4939,4515.0,,,,,,
47967,XVI,07/11/2024,"SPORT E TEMPO LIBERO, Manifestazioni sportive",31,it,6,3.0,15153,14924.0,,,,,,
47968,XVI,07/11/2024,"COMMERCIO, Disciplina, attività, professioni",32,it,6,3.0,11183,10971.0,,,,,,
47969,XVI,07/11/2024,"COMMERCIO, Disciplina, attività, professioni",33,it,6,3.0,11806,11612.0,,,,,,
47970,XVI,07/11/2024,"ORDINE PUBBLICO - FORZE ARMATE, Pubblica sicurezza, STATUTO",34,it,61,30.0,74512,71432.0,33.0,11.0,2.0,9.0,22.0,non approvato
47971,XVI,07/11/2024,"CONSIGLIO REGIONALE, Attività consiliare d'aula",35,it,1,,169,,,,,,,
47281,XVI,08/05/2024,"CONSIGLIO REGIONALE, Attività consiliare d'aula",1,it,18,8.0,15249,11003.0,,,,,,
47282,XVI,08/05/2024,"CONSIGLIO REGIONALE, Attività consiliare d'aula",2,it,4,2.0,2216,2018.0,,,,,,
47283,XVI,08/05/2024,"CONSIGLIO REGIONALE, Attività consiliare d'aula",3,it,1,,138,,,,,,,
47284,XVI,08/05/2024,"CONSIGLIO REGIONALE, Costituzione e funzionamento degli organi consiliari",4,it,1,,2545,,,,,,,
47285,XVI,08/05/2024,"CONSIGLIO REGIONALE, Costituzione e funzionamento degli organi consiliari",5,it,1,,269,,,,,,,
47286,XVI,08/05/2024,"BILANCIO E CONTABILITA' REGIONALE, OPERE PUBBLICHE",6,it,1,,147,,,,,,,
47287,XVI,08/05/2024,"DEMANIO E PATRIMONIO REGIONALE, FINANZA REGIONALE E LOCALE, Partecipazioni azionarie regionali",7,it,7,3.0,20920,18672.0,34.0,34.0,25.0,,9.0,approvato
47288,XVI,08/05/2024,"ENERGIA, Energia idroelettrica, NORME DI ATTUAZIONE",8,fr,6,3.0,3559,3342.0,,,,,,
47289,XVI,08/05/2024,"AMMINISTRAZIONE REGIONALE, Amministrazione della giustizia, ASSISTENZA SOCIALE, Famiglia, tutela dell'infanzia",9,it,6,3.0,4972,4795.0,,,,,,
47290,XVI,08/05/2024,"ASSISTENZA SOCIALE, Assistenza socio-sanitaria",10,it,6,3.0,5262,5095.0,,,,,,
47291,XVI,08/05/2024,"LAVORO, Politica del lavoro",11,it,4,2.0,3374,3238.0,,,,,,
47292,XVI,08/05/2024,CASA DA GIOCO,12,it,4,2.0,2820,2740.0,,,,,,
47293,XVI,08/05/2024,"ENERGIA, Energia idroelettrica",13,it,4,2.0,5663,5555.0,,,,,,
47294,XVI,08/05/2024,ELEZIONI,14,it,10,5.0,6139,5646.0,,,,,,
47295,XVI,08/05/2024,ASSISTENZA SOCIALE,15,it,4,2.0,14534,14390.0,,,,,,
47296,XVI,08/05/2024,CACCIA E PESCA,16,it,4,2.0,3928,3817.0,,,,,,
47297,XVI,08/05/2024,"TRASPORTI E VIABILITÀ, Strade di interesse regionale",17,it,4,2.0,6688,6561.0,,,,,,
47298,XVI,08/05/2024,"FORMAZIONE PROFESSIONALE, LAVORO, Politica del lavoro",18,it,4,2.0,4362,4233.0,,,,,,
47299,XVI,08/05/2024,"TRASPORTI E VIABILITÀ, Trasporti",19,it,4,2.0,6968,6836.0,,,,,,
47300,XVI,08/05/2024,"EDILIZIA, Edilizia residenziale",20,it,4,2.0,7700,7572.0,,,,,,
47301,XVI,08/05/2024,"ACQUE, Acque pubbliche",21,it,5,2.0,6617,6366.0,,,,,,
47302,XVI,08/05/2024,"AMBIENTE, Stoccaggio e smaltimento rifiuti",22,it,4,2.0,10662,10503.0,,,,,,
47303,XVI,08/05/2024,"AMBIENTE, SPORT E TEMPO LIBERO",23,it,4,2.0,4313,4220.0,,,,,,
47304,XVI,08/05/2024,"ASSISTENZA SANITARIA E OSPEDALIERA, Presidio ospedaliero, OPERE PUBBLICHE",24,it,1,,273,,,,,,,
47305,XVI,08/05/2024,"SPORT E TEMPO LIBERO, Manifestazioni sportive",25,it,4,2.0,8630,8530.0,,,,,,
47306,XVI,08/05/2024,"ATTIVITÀ CULTURALI, BENI CULTURALI",26,it,6,3.0,12993,12624.0,,,,,,
47307,XVI,08/05/2024,"AMMINISTRAZIONE REGIONALE, Ordinamento degli uffici e del personale, PROTEZIONE CIVILE, VIGILI DEL FUOCO E INTERVENTI PER CALAMITÀ NATURALI, Vigili del fuoco - Difesa antincendi, STATUTO",27,it,6,3.0,12042,11772.0,,,,,,
47308,XVI,08/05/2024,"FINANZA REGIONALE E LOCALE, Partecipazioni azionarie regionali, TRASPORTI E VIABILITÀ, Autostrade e trafori alpini",28,it,8,4.0,12342,11861.0,,,,,,
47309,XVI,08/05/2024,"SANITÀ VETERINARIA E ZOOTECNIA, Zootecnia",29,it,6,3.0,15904,15718.0,,,,,,
47310,XVI,08/05/2024,"FORESTE E TERRITORI MONTANI, Tutela del patrimonio boschivo",30,it,7,3.0,12561,12169.0,,,,,,
47311,XVI,08/05/2024,"ORDINE PUBBLICO - FORZE ARMATE, Pubblica sicurezza, TRASPORTI E VIABILITÀ, Trasporti",31,it,6,3.0,5380,5234.0,,,,,,
47312,XVI,08/05/2024,"ENERGIA, Risparmio energetico e fonti alternative, TRASPORTI E VIABILITÀ, Trasporti",32,it,6,3.0,12393,12208.0,,,,,,
47313,XVI,08/05/2024,"SPORT E TEMPO LIBERO, Infrastrutture ricreativo-sportive, Sport invernali",33,it,8,4.0,7774,7530.0,,,,,,
47314,XVI,08/05/2024,"AMBIENTE, Stoccaggio e smaltimento rifiuti",34,it,6,3.0,13344,13164.0,,,,,,
47315,XVI,08/05/2024,"ASSISTENZA SOCIALE, Assistenza socio-sanitaria",35,it,1,,156,,,,,,,
47316,XVI,08/05/2024,"SANITÀ VETERINARIA E ZOOTECNIA, Sanità veterinaria",36,it,1,,85,,,,,,,
47317,XVI,08/05/2024,"ASSISTENZA SOCIALE, Assistenza socio-sanitaria",37,it,1,,174,,,,,,,
47318,XVI,08/05/2024,"ASSISTENZA SOCIALE, Assistenza socio-sanitaria",38,it,1,,85,,,,,,,
47319,XVI,08/05/2024,"ASSISTENZA SOCIALE, Disabili",39,it,4,2.0,7035,6660.0,,,,,,
47320,XVI,08/05/2024,"TURISMO E INDUSTRIA ALBERGHIERA, Ricettività turistica",40,it,6,3.0,15242,15032.0,,,,,,
47321,XVI,08/05/2024,"ENERGIA, Energia idroelettrica, FINANZA REGIONALE E LOCALE, Partecipazioni azionarie regionali",41,it,13,6.0,16864,15467.0,32.0,2.0,2.0,,30.0,non approvato
47322,XVI,08/05/2024,"INFORMAZIONE, Radiotelecomunicazioni",42,it,7,3.0,8210,7389.0,,,,,,
47323,XVI,09/05/2024,"CONSIGLIO REGIONALE, Attività consiliare d'aula",1,it,1,,434,,,,,,,
47324,XVI,09/05/2024,"AMBIENTE, Flora e fauna, CACCIA E PESCA",2,it,29,14.0,58274,56344.0,33.0,10.0,8.0,2.0,23.0,non approvato
47325,XVI,09/05/2024,"ENERGIA, Energia idroelettrica",3,it,11,5.0,11468,10480.0,,,,,,
47326,XVI,09/05/2024,"INFORMAZIONE, TURISMO E INDUSTRIA ALBERGHIERA",4,it,7,3.0,6566,6291.0,,,,,,
47327,XVI,09/05/2024,"TURISMO E INDUSTRIA ALBERGHIERA, Ricettività turistica",5,it,11,5.0,27173,26259.0,34.0,16.0,16.0,,18.0,non approvato
47328,XVI,09/05/2024,"CONSIGLIO REGIONALE, Attività consiliare d'aula",6,it,1,,266,,,,,,,
48041,XVI,09/12/2024,"CONSIGLIO REGIONALE, Attività consiliare d'aula",1,it,7,3.0,10189,6353.0,,,,,,
48042,XVI,09/12/2024,"CONSIGLIO REGIONALE, Attività consiliare d'aula",2,it,1,,592,,,,,,,
48043,XVI,09/12/2024,"BILANCIO E CONTABILITA' REGIONALE, OPERE PUBBLICHE",3,it,1,,144,,,,,,,
48044,XVI,09/12/2024,"FINANZA REGIONALE E LOCALE, Partecipazioni azionarie regionali",4,it,1,,34,,,,,,,
48045,XVI,09/12/2024,"EDILIZIA, Edilizia residenziale",5,it,1,,34,,,,,,,
48046,XVI,09/12/2024,"ASSISTENZA SOCIALE, Disabili, TRASPORTI E VIABILITÀ, Trasporti",6,it,1,,49,,,,,,,
48047,XVI,09/12/2024,"ACQUE, Acque minerali e termali",7,it,1,,49,,,,,,,
48048,XVI,09/12/2024,EDILIZIA,8,it,1,,49,,,,,,,
48049,XVI,09/12/2024,ASSISTENZA SANITARIA E OSPEDALIERA,9,it,1,,34,,,,,,,
48050,XVI,09/12/2024,BILANCIO E CONTABILITA' REGIONALE,10,it,7,3.0,89023,88414.0,,,,,,
47521,XVI,10/07/2024,"CONSIGLIO REGIONALE, Attività consiliare d'aula",1,it,9,4.0,7910,4841.0,,,,,,
47522,XVI,10/07/2024,"CONSIGLIO REGIONALE, Attività consiliare d'aula",2,it,23,11.0,53402,52571.0,,,,,,
47523,XVI,10/07/2024,"CONSIGLIO REGIONALE, Attività consiliare d'aula",3,it,2,1.0,2571,1228.0,35.0,16.0,16.0,,19.0,non approvato
47524,XVI,10/07/2024,"CONSIGLIO REGIONALE, Costituzione e funzionamento degli organi consiliari, PROTEZIONE CIVILE, VIGILI DEL FUOCO E INTERVENTI PER CALAMITÀ NATURALI, Calamità naturali",4,it,1,,348,,33.0,25.0,25.0,,8.0,approvato
47525,XVI,10/07/2024,"CONSIGLIO REGIONALE, Attività consiliare d'aula",5,it,1,,65,,,,,,,
47526,XVI,10/07/2024,CONSULTE COMMISSIONI E ORGANI COLLEGIALI,6,it,5,2.0,1728,133.0,35.0,35.0,,,,
47527,XVI,10/07/2024,BILANCIO E CONTABILITA' REGIONALE,7,it,1,,141,,,,,,,
47528,XVI,10/07/2024,"FORMAZIONE PROFESSIONALE, LAVORO, Politica del lavoro",8,it,9,4.0,56236,54530.0,,,,,,
47529,XVI,10/07/2024,"FORMAZIONE PROFESSIONALE, LAVORO, Politica del lavoro",9,it,147,72.0,145679,118627.0,35.0,7.0,2.0,5.0,28.0,non approvato
47530,XVI,11/07/2024,"ARTIGIANATO, COMMERCIO, STATUTO, ZONA FRANCA",1,it,28,13.0,92566,89540.0,35.0,,33.0,,2.0,approvato
47531,XVI,11/07/2024,"ASSISTENZA SOCIALE, Disabili, DIFENSORE CIVICO",2,it,19,9.0,70039,68081.0,,,,,,
47532,XVI,11/07/2024,"ASSISTENZA SOCIALE, Disabili, DIFENSORE CIVICO",3,it,4,2.0,8796,8457.0,,,,,,
47533,XVI,11/07/2024,"ASSISTENZA SOCIALE, Disabili, DIFENSORE CIVICO",4,it,1,,952,,34.0,2.0,2.0,,32.0,non approvato
47534,XVI,11/07/2024,"ASSISTENZA SOCIALE, Disabili, DIFENSORE CIVICO",5,it,5,2.0,2440,612.0,34.0,16.0,16.0,,18.0,non approvato
47535,XVI,11/07/2024,"CONSIGLIO REGIONALE, Attività consiliare d'aula",6,it,1,,243,,,,,,,
47536,XVI,11/07/2024,"ASSETTO DEL TERRITORIO, Urbanistica e pianificazione territoriale, EDILIZIA, Centri storici",7,it,1,,285,,,,,,,
47537,XVI,11/07/2024,"ASSISTENZA SOCIALE, Asili nido, ISTRUZIONE PUBBLICA",8,it,16,8.0,52064,50860.0,,,,,,
47538,XVI,11/07/2024,"ALPINISMO, FORESTE E TERRITORI MONTANI",9,it,4,2.0,5346,5210.0,,,,,,
47539,XVI,11/07/2024,"TRASPORTI E VIABILITÀ, Trasporti",10,it,4,2.0,6920,6828.0,,,,,,
47540,XVI,11/07/2024,"DEMANIO E PATRIMONIO REGIONALE, FINANZA REGIONALE E LOCALE, Partecipazioni azionarie regionali",11,it,4,2.0,2714,2597.0,,,,,,
47541,XVI,11/07/2024,"LAVORO, TURISMO E INDUSTRIA ALBERGHIERA",12,it,5,2.0,4713,4259.0,,,,,,
47542,XVI,11/07/2024,"ASSETTO DEL TERRITORIO, Difesa ed uso del suolo - Sistemazione idrogeologica, PROTEZIONE CIVILE, VIGILI DEL FUOCO E INTERVENTI PER CALAMITÀ NATURALI, Calamità naturali",13,it,6,3.0,5478,5193.0,,,,,,
47543,XVI,11/07/2024,"PROTEZIONE CIVILE, VIGILI DEL FUOCO E INTERVENTI PER CALAMITÀ NATURALI, Protezione civile",14,it,6,3.0,4713,4552.0,,,,,,
47544,XVI,11/07/2024,"PROTEZIONE CIVILE, VIGILI DEL FUOCO E INTERVENTI PER CALAMITÀ NATURALI, Calamità naturali, TRASPORTI E VIABILITÀ, Trasporti",15,it,6,3.0,4003,3823.0,,,,,,
47545,XVI,11/07/2024,"ENERGIA, Energia idroelettrica, STATUTO",16,it,4,2.0,6323,6162.0,,,,,,
47546,XVI,11/07/2024,AMMINISTRAZIONE REGIONALE,17,it,4,2.0,6845,6715.0,,,,,,
47547,XVI,11/07/2024,"ACQUE, Acque pubbliche, ENERGIA, Energia idroelettrica",18,it,4,2.0,7403,7271.0,,,,,,
47548,XVI,11/07/2024,"EDILIZIA, Edilizia residenziale, FINANZA REGIONALE E LOCALE, Finaosta",19,it,4,2.0,9545,9415.0,,,,,,
47549,XVI,11/07/2024,"AMBIENTE, Parchi, riserve naturali, aree protette e attrezzate",20,fr,4,2.0,4122,3959.0,,,,,,
47550,XVI,11/07/2024,"TRASPORTI E VIABILITÀ, Viabilità",21,it,4,2.0,9702,9581.0,,,,,,
47551,XVI,11/07/2024,"EDILIZIA, Edilizia residenziale, ENTI LOCALI, Comuni",22,it,4,2.0,6704,6603.0,,,,,,
47552,XVI,11/07/2024,"EDILIZIA, Edilizia residenziale",23,it,6,3.0,9231,9068.0,,,,,,
47553,XVI,11/07/2024,"EDILIZIA, Edilizia residenziale",24,it,4,2.0,5468,5357.0,,,,,,
47554,XVI,11/07/2024,"CONSIGLIO REGIONALE, Attività consiliare d'aula",25,it,1,,593,,,,,,,
47555,XVI,11/07/2024,"ASSISTENZA SOCIALE, Asili nido, ISTRUZIONE PUBBLICA",26,it,9,4.0,6068,5636.0,,,,,,
47556,XVI,11/07/2024,"ASSISTENZA SOCIALE, Famiglia, tutela dell'infanzia, EDILIZIA, Edilizia residenziale",27,it,4,2.0,4306,4185.0,,,,,,
47557,XVI,11/07/2024,"ASSISTENZA SANITARIA E OSPEDALIERA, Presidio ospedaliero",28,it,4,2.0,5225,5154.0,,,,,,
47558,XVI,11/07/2024,"ASSISTENZA SOCIALE, Politiche giovanili",29,it,4,2.0,7669,7569.0,,,,,,
47559,XVI,11/07/2024,"ASSISTENZA SANITARIA E OSPEDALIERA, Igiene e sanità pubblica",30,it,4,2.0,5701,5583.0,,,,,,
47560,XVI,11/07/2024,"ASSISTENZA SANITARIA E OSPEDALIERA, Igiene e sanità pubblica",31,it,4,2.0,5554,5423.0,,,,,,
47561,XVI,11/07/2024,"ASSISTENZA SANITARIA E OSPEDALIERA, Personale medico e paramedico, ASSISTENZA SOCIALE, Assistenza socio-sanitaria",32,it,4,2.0,8341,8241.0,,,,,,
47562,XVI,11/07/2024,"CONSIGLIO REGIONALE, Attività consiliare d'aula",33,it,1,,246,,,,,,,
47861,XVI,16/10/2024,"CONSIGLIO REGIONALE, Attività consiliare d'aula",1,it,64,30.0,67517,62103.0,,,,,,
47862,XVI,16/10/2024,"CONSIGLIO REGIONALE, Attività consiliare d'aula",2,fr,3,1.0,4049,3948.0,,,,,,
47863,XVI,16/10/2024,"CONSIGLIO REGIONALE, Attività consiliare d'aula",3,it,1,,122,,,,,,,
47864,XVI,16/10/2024,"FINANZA REGIONALE E LOCALE, Programmazione",4,it,10,4.0,79672,78618.0,,,,,,
47865,XVI,16/10/2024,"FINANZA REGIONALE E LOCALE, Programmazione",5,it,44,20.0,200983,182917.0,,,,,,
47221,XVI,17/04/2024,"CONSIGLIO REGIONALE, Attività consiliare d'aula",1,it,1,,748,,,,,,,
47222,XVI,17/04/2024,"CONSIGLIO REGIONALE, Attività consiliare d'aula",2,it,3,1.0,1792,1620.0,,,,,,
47223,XVI,17/04/2024,"CONSIGLIO REGIONALE, Attività consiliare d'aula",3,it,1,,118,,,,,,,
47224,XVI,17/04/2024,NOMINE E INCARICHI DI CONSULENZA E SPECIALI,4,it,7,3.0,13293,11563.0,34.0,24.0,18.0,6.0,10.0,approvato
47225,XVI,17/04/2024,BILANCIO E CONTABILITA' REGIONALE,5,it,1,,102,,,,,,,
47226,XVI,17/04/2024,"ENERGIA, Energia idroelettrica",6,it,6,3.0,4513,4345.0,,,,,,
47227,XVI,17/04/2024,CACCIA E PESCA,7,it,6,3.0,3723,3594.0,,,,,,
47228,XVI,17/04/2024,"ASSISTENZA SANITARIA E OSPEDALIERA, Presidio ospedaliero, TRASPORTI E VIABILITÀ, Viabilità",8,it,6,3.0,4840,4728.0,,,,,,
47229,XVI,17/04/2024,"CACCIA E PESCA, FORESTE E TERRITORI MONTANI, Corpo forestale valdostano e relative strutture",9,it,1,,55,,,,,,,
47230,XVI,17/04/2024,"AGRICOLTURA, Bonifica, miglioramenti e riordino fondiario, CREDITO, Consorzi garanzia fidi",10,it,1,,78,,,,,,,
47231,XVI,17/04/2024,"ASSISTENZA SANITARIA E OSPEDALIERA, Igiene e sanità pubblica",11,it,4,2.0,6954,6718.0,,,,,,
47232,XVI,17/04/2024,"ASSISTENZA SANITARIA E OSPEDALIERA, Piano socio-sanitario regionale",12,it,1,,90,,,,,,,
47233,XVI,17/04/2024,"FINANZA REGIONALE E LOCALE, Partecipazioni azionarie regionali",13,it,5,2.0,6851,6063.0,,,,,,
47234,XVI,17/04/2024,"AMMINISTRAZIONE REGIONALE, Ordinamento degli uffici e del personale, FORESTE E TERRITORI MONTANI",14,it,4,2.0,3882,3755.0,,,,,,
47235,XVI,17/04/2024,"ASSISTENZA SOCIALE, Alcolismo e tossicodipendenze, Politiche giovanili",15,it,4,2.0,13041,12950.0,,,,,,
47236,XVI,17/04/2024,"AGRICOLTURA, Bonifica, miglioramenti e riordino fondiario",16,it,6,3.0,5054,4913.0,,,,,,
47237,XVI,17/04/2024,"FORMAZIONE PROFESSIONALE, LAVORO",17,it,6,3.0,11618,11436.0,,,,,,
47238,XVI,17/04/2024,"ASSISTENZA SOCIALE, Disabili, TRASPORTI E VIABILITÀ, Trasporti",18,it,5,2.0,7334,6987.0,,,,,,
47239,XVI,17/04/2024,"SPORT E TEMPO LIBERO, Infrastrutture ricreativo-sportive, Sport invernali",19,it,4,2.0,6024,5863.0,,,,,,
47240,XVI,17/04/2024,"TRASPORTI E VIABILITÀ, Trasporti",20,it,4,2.0,11111,10962.0,,,,,,
47241,XVI,17/04/2024,OPERE PUBBLICHE,21,it,4,2.0,8560,8431.0,,,,,,
47242,XVI,17/04/2024,"TRASPORTI E VIABILITÀ, Viabilità",22,it,4,2.0,5791,5679.0,,,,,,
47243,XVI,17/04/2024,"AMBIENTE, Inquinamento, ASSISTENZA SANITARIA E OSPEDALIERA, Igiene e sanità pubblica",23,it,4,2.0,8650,8520.0,,,,,,
47244,XVI,17/04/2024,ASSISTENZA SANITARIA E OSPEDALIERA,24,it,4,2.0,9103,8961.0,,,,,,
47245,XVI,17/04/2024,"ASSISTENZA SANITARIA E OSPEDALIERA, ASSISTENZA SOCIALE, Assistenza socio-sanitaria",25,it,4,2.0,6677,6552.0,,,,,,
47246,XVI,17/04/2024,"ASSISTENZA SANITARIA E OSPEDALIERA, INFORMAZIONE",26,it,4,2.0,8138,8014.0,,,,,,
47247,XVI,17/04/2024,"ASSISTENZA SOCIALE, Politiche giovanili, ISTRUZIONE PUBBLICA",27,it,6,3.0,12874,12668.0,,,,,,
47248,XVI,17/04/2024,UNIONE EUROPEA E RAPPORTI INTERNAZIONALI,28,it,6,3.0,16079,15842.0,,,,,,
47249,XVI,17/04/2024,"AMMINISTRAZIONE REGIONALE, Ordinamento degli uffici e del personale",29,it,6,3.0,10762,10523.0,,,,,,
47250,XVI,17/04/2024,ISTRUZIONE PUBBLICA,30,it,6,3.0,16957,16825.0,,,,,,
47251,XVI,17/04/2024,"BENI CULTURALI, Musei, biblioteche, archivi storici e aree di interesse archeologico, PROTEZIONE CIVILE, VIGILI DEL FUOCO E INTERVENTI PER CALAMITÀ NATURALI, Vigili del fuoco - Difesa antincendi",31,it,6,3.0,13307,13152.0,,,,,,
47252,XVI,17/04/2024,UNIONE EUROPEA E RAPPORTI INTERNAZIONALI,32,it,6,3.0,15303,15144.0,,,,,,
47253,XVI,17/04/2024,ACQUE,33,it,6,3.0,11995,11844.0,,,,,,
47254,XVI,17/04/2024,FORMAZIONE PROFESSIONALE,34,it,6,3.0,15251,15140.0,,,,,,
47255,XVI,17/04/2024,"AMMINISTRAZIONE REGIONALE, Ordinamento degli uffici e del personale",35,it,7,3.0,11775,11468.0,,,,,,
47256,XVI,17/04/2024,"TRASPORTI E VIABILITÀ, Trasporti",36,it,6,3.0,7321,7151.0,,,,,,
47257,XVI,17/04/2024,"SPORT E TEMPO LIBERO, Infrastrutture ricreativo-sportive, Sport invernali",37,it,6,3.0,15359,15189.0,,,,,,
47258,XVI,17/04/2024,"ENERGIA, Risparmio energetico e fonti alternative",38,it,6,3.0,16490,16329.0,,,,,,
47259,XVI,17/04/2024,"AMBIENTE, Parchi, riserve naturali, aree protette e attrezzate",39,it,6,3.0,12448,12060.0,,,,,,
47260,XVI,17/04/2024,"OPERE PUBBLICHE, TRASPORTI E VIABILITÀ, Viabilità",40,it,6,3.0,10036,9890.0,,,,,,
47261,XVI,17/04/2024,"AMBIENTE, Flora e fauna, BENI CULTURALI, Musei, biblioteche, archivi storici e aree di interesse archeologico",41,it,6,3.0,11546,11199.0,,,,,,
47262,XVI,17/04/2024,SANITÀ VETERINARIA E ZOOTECNIA,42,it,6,3.0,7242,7041.0,,,,,,
47263,XVI,17/04/2024,"SANITÀ VETERINARIA E ZOOTECNIA, Sanità veterinaria",43,it,6,3.0,8096,7952.0,,,,,,
47264,XVI,17/04/2024,"AMBIENTE, Inquinamento, ASSISTENZA SANITARIA E OSPEDALIERA, Presidio ospedaliero",44,it,7,3.0,12148,11317.0,,,,,,
47866,XVI,17/10/2024,"FINANZA REGIONALE E LOCALE, Programmazione",1,it,101,49.0,169630,161460.0,35.0,14.0,14.0,2.0,21.0,non approvato
47867,XVI,17/10/2024,"FINANZA REGIONALE E LOCALE, Programmazione",2,it,137,59.0,281706,159236.0,33.0,16.0,16.0,,17.0,non approvato
47265,XVI,18/04/2024,"SPORT E TEMPO LIBERO, Infrastrutture ricreativo-sportive, Sport invernali",1,it,8,4.0,13098,12739.0,,,,,,
47266,XVI,18/04/2024,"TRASPORTI E VIABILITÀ, Viabilità",2,it,6,3.0,12619,12436.0,,,,,,
47267,XVI,18/04/2024,"ISTRUZIONE PUBBLICA, Istituzioni scolastiche",3,it,6,3.0,15460,15361.0,,,,,,
47268,XVI,18/04/2024,"SPORT E TEMPO LIBERO, Infrastrutture ricreativo-sportive, Sport invernali",4,it,6,3.0,13655,13537.0,,,,,,
47269,XVI,18/04/2024,"ENERGIA, Energia idroelettrica",5,it,14,6.0,36197,34705.0,35.0,16.0,16.0,,19.0,non approvato
47270,XVI,18/04/2024,"ISTRUZIONE PUBBLICA, Istituzioni scolastiche",6,it,19,9.0,45772,44414.0,34.0,9.0,9.0,,25.0,non approvato
47271,XVI,18/04/2024,"DIRITTO ALLO STUDIO, ISTRUZIONE PUBBLICA, Università",7,it,7,3.0,8244,7482.0,34.0,16.0,16.0,,18.0,non approvato
47272,XVI,18/04/2024,"AMBIENTE, Flora e fauna, CACCIA E PESCA",8,it,15,7.0,14193,13598.0,,,,,,
47273,XVI,18/04/2024,"EDILIZIA, Edilizia residenziale",9,it,7,3.0,2515,2039.0,,,,,,
47721,XVI,18/09/2024,"CONSIGLIO REGIONALE, Attività consiliare d'aula",1,it,9,4.0,12388,8825.0,,,,,,
47722,XVI,18/09/2024,"CONSIGLIO REGIONALE, Attività consiliare d'aula",2,it,5,2.0,8043,7874.0,,,,,,
47723,XVI,18/09/2024,"CONSIGLIO REGIONALE, Attività consiliare d'aula",3,it,1,,97,,,,,,,
47724,XVI,18/09/2024,"NOMINE E INCARICHI DI CONSULENZA E SPECIALI, Nomine",4,it,1,,1707,,35.0,,,,,
47725,XVI,18/09/2024,CASA DA GIOCO,5,it,3,1.0,3708,3050.0,35.0,19.0,19.0,,16.0,approvato
47726,XVI,18/09/2024,BILANCIO E CONTABILITA' REGIONALE,6,it,5,2.0,9419,8673.0,35.0,19.0,19.0,,16.0,approvato
47727,XVI,18/09/2024,BILANCIO E CONTABILITA' REGIONALE,7,it,1,,118,,,,,,,
47728,XVI,18/09/2024,BILANCIO E CONTABILITA' REGIONALE,8,it,3,1.0,8094,7924.0,,,,,,
47729,XVI,18/09/2024,"INFORMAZIONE, Sistema informativo",9,it,15,7.0,46610,45815.0,35.0,19.0,19.0,,16.0,approvato
47730,XVI,18/09/2024,"CONSIGLIO REGIONALE, Attività consiliare d'aula",10,it,1,,294,,,,,,,
47731,XVI,18/09/2024,"TURISMO E INDUSTRIA ALBERGHIERA, Ricettività turistica",11,it,21,10.0,40803,34957.0,35.0,16.0,16.0,,19.0,non approvato
47732,XVI,18/09/2024,"TRASPORTI E VIABILITÀ, Autostrade e trafori alpini",12,it,7,3.0,3521,2861.0,,,,,,
47733,XVI,18/09/2024,"ISTRUZIONE PUBBLICA, Personale docente e non docente, LAVORO",13,it,6,3.0,1641,1501.0,,,,,,
47734,XVI,18/09/2024,"TRASPORTI E VIABILITÀ, Viabilità",14,it,6,3.0,4578,4433.0,,,,,,
47735,XVI,18/09/2024,"ASSISTENZA SOCIALE, ISTRUZIONE PUBBLICA",15,it,6,3.0,5695,5565.0,,,,,,
47736,XVI,18/09/2024,"FINANZA REGIONALE E LOCALE, Partecipazioni azionarie regionali",16,it,1,,222,,,,,,,
47737,XVI,18/09/2024,STATUTO,17,it,4,2.0,8182,7989.0,,,,,,
47738,XVI,18/09/2024,"FINANZA REGIONALE E LOCALE, Partecipazioni azionarie regionali",18,it,4,2.0,4786,4671.0,,,,,,
47739,XVI,18/09/2024,"BENI CULTURALI, Musei, biblioteche, archivi storici e aree di interesse archeologico, ORDINE PUBBLICO - FORZE ARMATE, Caserme e carceri",19,it,4,2.0,3387,3286.0,,,,,,
47740,XVI,18/09/2024,"ASSISTENZA SOCIALE, ISTRUZIONE PUBBLICA, Personale docente e non docente",20,it,4,2.0,7969,7861.0,,,,,,
47741,XVI,18/09/2024,"AMMINISTRAZIONE REGIONALE, Celebrazioni, ISTRUZIONE PUBBLICA",21,it,4,2.0,8939,8808.0,,,,,,
47742,XVI,18/09/2024,AMMINISTRAZIONE REGIONALE,22,it,4,2.0,9886,9774.0,,,,,,
47743,XVI,18/09/2024,"TRASPORTI E VIABILITÀ, Trasporti",23,it,4,2.0,9026,8797.0,,,,,,
47744,XVI,18/09/2024,"TRASPORTI E VIABILITÀ, Viabilità",24,it,4,2.0,4200,4109.0,,,,,,
47745,XVI,18/09/2024,"TRASPORTI E VIABILITÀ, Viabilità",25,it,4,2.0,5230,5121.0,,,,,,
47746,XVI,18/09/2024,"TRASPORTI E VIABILITÀ, Viabilità",26,it,4,2.0,9222,9148.0,,,,,,
47747,XVI,18/09/2024,EDILIZIA,27,it,6,3.0,8474,8340.0,,,,,,
47748,XVI,18/09/2024,"ASSISTENZA SOCIALE, Assistenza socio-sanitaria",28,it,4,2.0,4165,4090.0,,,,,,
47749,XVI,18/09/2024,"ASSISTENZA SANITARIA E OSPEDALIERA, Igiene e sanità pubblica",29,it,4,2.0,5677,5588.0,,,,,,
47750,XVI,18/09/2024,"ASSISTENZA SANITARIA E OSPEDALIERA, Personale medico e paramedico",30,it,5,2.0,5023,4806.0,,,,,,
47751,XVI,18/09/2024,"ASSISTENZA SANITARIA E OSPEDALIERA, Azienda Regionale Sanitaria - U.S.L.",31,it,4,2.0,7318,7207.0,,,,,,
47752,XVI,18/09/2024,"EDILIZIA, Edilizia residenziale",32,it,4,2.0,5593,5504.0,,,,,,
47753,XVI,18/09/2024,"ASSISTENZA SANITARIA E OSPEDALIERA, Personale medico e paramedico",33,it,4,2.0,5417,5346.0,,,,,,
47754,XVI,18/09/2024,"ASSISTENZA SANITARIA E OSPEDALIERA, ASSISTENZA SOCIALE",34,it,4,2.0,12692,12603.0,,,,,,
47755,XVI,18/09/2024,ASSISTENZA SANITARIA E OSPEDALIERA,35,it,4,2.0,7134,7034.0,,,,,,
47756,XVI,18/09/2024,ASSISTENZA SANITARIA E OSPEDALIERA,36,it,4,2.0,8678,8587.0,,,,,,
47757,XVI,18/09/2024,"SANITÀ VETERINARIA E ZOOTECNIA, Sanità veterinaria",37,it,4,2.0,2947,2867.0,,,,,,
47758,XVI,18/09/2024,"COMMERCIO, Disciplina, attività, professioni",38,it,4,2.0,12947,12855.0,,,,,,
47759,XVI,18/09/2024,AMBIENTE,39,it,5,2.0,6210,5828.0,,,,,,
47760,XVI,18/09/2024,CASA DA GIOCO,40,it,6,3.0,15034,14628.0,,,,,,
47761,XVI,18/09/2024,AMMINISTRAZIONE REGIONALE,41,it,6,3.0,7855,7696.0,,,,,,
47762,XVI,18/09/2024,"AMMINISTRAZIONE REGIONALE, Ordinamento degli uffici e del personale",42,it,7,3.0,10212,9849.0,,,,,,
47868,XVI,18/10/2024,"FINANZA REGIONALE E LOCALE, Programmazione",1,it,126,62.0,159503,148674.0,34.0,16.0,18.0,2.0,23.0,non approvato
47869,XVI,18/10/2024,"FINANZA REGIONALE E LOCALE, Programmazione",2,it,133,64.0,146854,119366.0,34.0,15.0,15.0,1.0,19.0,non approvato
47870,XVI,18/10/2024,"FINANZA REGIONALE E LOCALE, Programmazione",3,it,6,5.0,19799,19587.0,,,,,,
47441,XVI,19/06/2024,"CONSIGLIO REGIONALE, Attività consiliare d'aula",1,it,9,4.0,5466,4291.0,,,,,,
47442,XVI,19/06/2024,"CONSIGLIO REGIONALE, Attività consiliare d'aula",2,it,1,,88,,,,,,,
47461,XVI,19/06/2024,AMMINISTRAZIONE REGIONALE,3,it,21,9.0,53131,35528.0,34.0,26.0,26.0,2.0,8.0,approvato
47443,XVI,19/06/2024,BILANCIO E CONTABILITA' REGIONALE,4,it,1,,87,,,,,,,
47444,XVI,19/06/2024,"CONSIGLIO REGIONALE, Attività consiliare d'aula",5,it,2,1.0,462,194.0,,,,,,
47445,XVI,19/06/2024,"CONSIGLIO REGIONALE, Attività consiliare d'aula",6,it,2,1.0,567,290.0,,,,,,
47446,XVI,19/06/2024,"ISTRUZIONE PUBBLICA, STATUTO",7,it,6,3.0,5228,5057.0,,,,,,
47447,XVI,19/06/2024,ISTRUZIONE PUBBLICA,8,it,6,3.0,4854,4667.0,,,,,,
47448,XVI,19/06/2024,"TRASPORTI E VIABILITÀ, Trasporti",9,it,6,3.0,5336,5165.0,,,,,,
47449,XVI,19/06/2024,"EDILIZIA, Edilizia residenziale",10,it,2,1.0,179,145.0,,,,,,
47450,XVI,19/06/2024,ASSISTENZA SANITARIA E OSPEDALIERA,11,it,9,4.0,5270,3689.0,34.0,18.0,18.0,7.0,9.0,approvato
47451,XVI,19/06/2024,ASSISTENZA SANITARIA E OSPEDALIERA,12,it,4,2.0,6614,6345.0,,,,,,
47452,XVI,19/06/2024,"ASSISTENZA SANITARIA E OSPEDALIERA, Presidio ospedaliero",13,it,4,2.0,4495,4397.0,,,,,,
47453,XVI,19/06/2024,"ASSISTENZA SANITARIA E OSPEDALIERA, Azienda Regionale Sanitaria - U.S.L.",14,it,4,2.0,3250,3159.0,,,,,,
47454,XVI,19/06/2024,ASSISTENZA SANITARIA E OSPEDALIERA,15,it,4,2.0,6850,6750.0,,,,,,
47455,XVI,19/06/2024,"ASSISTENZA SOCIALE, Famiglia, tutela dell'infanzia, ORDINE PUBBLICO - FORZE ARMATE, Pubblica sicurezza",16,it,4,2.0,9073,8961.0,,,,,,
47456,XVI,19/06/2024,"ASSISTENZA SOCIALE, Assistenza socio-sanitaria",17,it,4,2.0,10611,10526.0,,,,,,
47457,XVI,19/06/2024,"TRASPORTI E VIABILITÀ, Viabilità",18,it,4,2.0,2833,2700.0,,,,,,
47458,XVI,19/06/2024,"ORDINE PUBBLICO - FORZE ARMATE, Caserme e carceri",19,it,4,2.0,5341,5189.0,,,,,,
47459,XVI,19/06/2024,"ASSISTENZA SANITARIA E OSPEDALIERA, Servizio di emergenza sanitaria (118)",20,it,4,2.0,7500,7407.0,,,,,,
47460,XVI,19/06/2024,"ISTRUZIONE PUBBLICA, Personale docente e non docente",21,it,5,2.0,10798,10515.0,,,,,,
47462,XVI,19/06/2024,"ISTRUZIONE PUBBLICA, LINGUA FRANCESE",22,fr,4,2.0,5773,5560.0,,,,,,
47463,XVI,19/06/2024,"FORESTE E TERRITORI MONTANI, Tutela del patrimonio boschivo",23,it,4,2.0,4794,4689.0,,,,,,
47464,XVI,19/06/2024,"AMBIENTE, Inquinamento, TRASPORTI E VIABILITÀ, Trasporti",24,it,4,2.0,6907,6783.0,,,,,,
47465,XVI,19/06/2024,"SPORT E TEMPO LIBERO, Infrastrutture ricreativo-sportive",25,it,4,2.0,7159,7068.0,,,,,,
47466,XVI,19/06/2024,"ASSISTENZA SOCIALE, Disabili, UNIONE EUROPEA E RAPPORTI INTERNAZIONALI",26,it,4,2.0,11230,11133.0,,,,,,
47467,XVI,19/06/2024,"ASSISTENZA SOCIALE, Assistenza socio-sanitaria",27,it,6,6.0,7029,7029.0,,,,,,
47468,XVI,19/06/2024,"ASSISTENZA SANITARIA E OSPEDALIERA, Azienda Regionale Sanitaria - U.S.L., ASSISTENZA SOCIALE, Associazionismo - volontariato",28,it,6,3.0,7589,7453.0,,,,,,
47469,XVI,19/06/2024,"SANITÀ VETERINARIA E ZOOTECNIA, Sanità veterinaria",29,it,6,3.0,11936,11779.0,,,,,,
47470,XVI,19/06/2024,"ASSISTENZA SOCIALE, Famiglia, tutela dell'infanzia, ORDINE PUBBLICO - FORZE ARMATE, Pubblica sicurezza",30,it,6,3.0,17434,17296.0,,,,,,
47471,XVI,19/06/2024,"ASSISTENZA SANITARIA E OSPEDALIERA, Azienda Regionale Sanitaria - U.S.L., ASSISTENZA SOCIALE, Famiglia, tutela dell'infanzia",31,it,7,3.0,9610,9262.0,,,,,,
47472,XVI,19/06/2024,"ASSISTENZA SOCIALE, Famiglia, tutela dell'infanzia",32,it,6,3.0,10905,10691.0,,,,,,
47473,XVI,19/06/2024,"ASSISTENZA SOCIALE, Famiglia, tutela dell'infanzia",33,it,6,3.0,12565,12456.0,,,,,,
47474,XVI,19/06/2024,ASSISTENZA SANITARIA E OSPEDALIERA,34,it,8,4.0,16220,16030.0,,,,,,
47475,XVI,19/06/2024,ASSISTENZA SANITARIA E OSPEDALIERA,35,it,6,3.0,15950,15793.0,,,,,,
47476,XVI,19/06/2024,"ASSISTENZA SOCIALE, Assistenza socio-sanitaria",36,it,7,3.0,12707,11759.0,35.0,,16.0,,19.0,non approvato
47477,XVI,19/06/2024,CASA DA GIOCO,37,it,6,3.0,8127,7915.0,,,,,,
47478,XVI,19/06/2024,"EDILIZIA, ENERGIA, Risparmio energetico e fonti alternative, TURISMO E INDUSTRIA ALBERGHIERA, Ricettività turistica",38,it,6,3.0,7731,7544.0,,,,,,
47479,XVI,19/06/2024,"EDILIZIA, Edilizia pubblica",39,it,6,3.0,6208,6044.0,,,,,,
47480,XVI,19/06/2024,"ALPINISMO, AMBIENTE, Parchi, riserve naturali, aree protette e attrezzate",40,it,10,5.0,13661,13401.0,,,,,,
47481,XVI,19/06/2024,"PROTEZIONE CIVILE, VIGILI DEL FUOCO E INTERVENTI PER CALAMITÀ NATURALI, Vigili del fuoco - Difesa antincendi, TRASPORTI E VIABILITÀ, Aeroporti",41,it,6,3.0,8652,8515.0,,,,,,
47482,XVI,19/06/2024,"ENERGIA, Risparmio energetico e fonti alternative",42,it,7,3.0,17553,17180.0,,,,,,
47763,XVI,19/09/2024,"AMMINISTRAZIONE REGIONALE, Ordinamento degli uffici e del personale",1,it,6,3.0,11812,11567.0,,,,,,
47764,XVI,19/09/2024,"ASSETTO DEL TERRITORIO, Urbanistica e pianificazione territoriale",2,it,6,3.0,16599,16475.0,,,,,,
47765,XVI,19/09/2024,"PROTEZIONE CIVILE, VIGILI DEL FUOCO E INTERVENTI PER CALAMITÀ NATURALI, Vigili del fuoco - Difesa antincendi, TRASPORTI E VIABILITÀ, Aeroporti",3,it,6,3.0,12422,12226.0,,,,,,
47766,XVI,19/09/2024,ISTRUZIONE PUBBLICA,4,it,6,3.0,11927,11764.0,,,,,,
47767,XVI,19/09/2024,"ORDINE PUBBLICO - FORZE ARMATE, Pubblica sicurezza",5,it,6,3.0,11015,10844.0,,,,,,
47768,XVI,19/09/2024,"ISTRUZIONE PUBBLICA, Personale docente e non docente",6,it,6,3.0,12757,12555.0,,,,,,
47769,XVI,19/09/2024,ISTRUZIONE PUBBLICA,7,it,9,4.0,17749,17314.0,,,,,,
47770,XVI,19/09/2024,UNIONE EUROPEA E RAPPORTI INTERNAZIONALI,8,it,6,3.0,16270,16082.0,,,,,,
47771,XVI,19/09/2024,"FORESTE E TERRITORI MONTANI, Tutela del patrimonio boschivo",9,it,6,3.0,8061,7936.0,,,,,,
47772,XVI,19/09/2024,"AMBIENTE, Flora e fauna, CACCIA E PESCA",10,it,8,4.0,9658,9434.0,,,,,,
47773,XVI,19/09/2024,"ENERGIA, Risparmio energetico e fonti alternative",11,it,17,8.0,24115,23417.0,,,,,,
47774,XVI,19/09/2024,"TRASPORTI E VIABILITÀ, Trasporti, Viabilità",12,it,6,3.0,18206,18029.0,,,,,,
47775,XVI,19/09/2024,"SPORT E TEMPO LIBERO, Sport invernali",13,it,6,3.0,16279,16131.0,,,,,,
47776,XVI,19/09/2024,ATTIVITÀ CULTURALI,14,it,8,4.0,20112,19937.0,,,,,,
47777,XVI,19/09/2024,"ASSISTENZA SOCIALE, Disabili, TRASPORTI E VIABILITÀ, Trasporti",15,it,6,3.0,13581,13469.0,,,,,,
47778,XVI,19/09/2024,"AMBIENTE, Parchi, riserve naturali, aree protette e attrezzate",16,it,6,3.0,9116,8999.0,,,,,,
47779,XVI,19/09/2024,"TRASPORTI E VIABILITÀ, Viabilità",17,it,7,3.0,9569,9310.0,,,,,,
47780,XVI,19/09/2024,"ASSISTENZA SANITARIA E OSPEDALIERA, Personale medico e paramedico, NORME DI ATTUAZIONE",18,it,6,3.0,10312,10077.0,,,,,,
47781,XVI,19/09/2024,ASSISTENZA SANITARIA E OSPEDALIERA,19,it,6,3.0,9071,8938.0,,,,,,
47782,XVI,19/09/2024,ASSISTENZA SANITARIA E OSPEDALIERA,20,it,6,3.0,9246,9125.0,,,,,,
47783,XVI,19/09/2024,"EDILIZIA, Edilizia residenziale",21,it,6,3.0,19916,19781.0,,,,,,
47784,XVI,19/09/2024,"SANITÀ VETERINARIA E ZOOTECNIA, Sanità veterinaria",22,it,10,5.0,33385,33099.0,,,,,,
47785,XVI,19/09/2024,"SANITÀ VETERINARIA E ZOOTECNIA, Zootecnia",23,it,6,3.0,12385,12254.0,,,,,,
47786,XVI,19/09/2024,"SANITÀ VETERINARIA E ZOOTECNIA, Sanità veterinaria",24,it,6,3.0,9295,9103.0,,,,,,
47787,XVI,19/09/2024,"ASSISTENZA SANITARIA E OSPEDALIERA, Personale medico e paramedico",25,it,6,3.0,13041,12915.0,,,,,,
47788,XVI,19/09/2024,"SPORT E TEMPO LIBERO, Manifestazioni sportive",26,it,6,3.0,8980,8844.0,,,,,,
47789,XVI,19/09/2024,"CONSIGLIO REGIONALE, Attività consiliare d'aula",27,it,1,1.0,195,195.0,,,,,,
47081,XVI,20/03/2024,"CONSIGLIO REGIONALE, Attività consiliare d'aula",1,fr,18,9.0,15365,12153.0,,,,,,
47082,XVI,20/03/2024,"CONSIGLIO REGIONALE, Attività consiliare d'aula",2,it,5,2.0,10345,10173.0,,,,,,
47083,XVI,20/03/2024,"CONSIGLIO REGIONALE, Attività consiliare d'aula",3,it,1,,71,,,,,,,
47101,XVI,20/03/2024,"FORESTE E TERRITORI MONTANI, Corpo forestale valdostano e relative strutture, PROTEZIONE CIVILE, VIGILI DEL FUOCO E INTERVENTI PER CALAMITÀ NATURALI, Vigili del fuoco - Difesa antincendi",4,it,59,29.0,80497,74835.0,35.0,16.0,16.0,,19.0,non approvato
47102,XVI,20/03/2024,"CONSIGLIO REGIONALE, Attività consiliare d'aula",5,it,1,,442,,,,,,,
47103,XVI,20/03/2024,"CONSIGLIO REGIONALE, Attività consiliare d'aula",6,it,7,3.0,3827,2929.0,35.0,35.0,16.0,19.0,,non approvato
47104,XVI,20/03/2024,CONSULTE COMMISSIONI E ORGANI COLLEGIALI,7,it,19,9.0,32463,31369.0,35.0,35.0,,,,
47084,XVI,20/03/2024,BILANCIO E CONTABILITA' REGIONALE,8,it,1,,181,,,,,,,
47105,XVI,20/03/2024,CASA DA GIOCO,9,it,6,3.0,3169,2966.0,,,,,,
47106,XVI,20/03/2024,"ENERGIA, FINANZA REGIONALE E LOCALE, Partecipazioni azionarie regionali",10,it,6,3.0,2929,2759.0,,,,,,
47107,XVI,20/03/2024,"ASSISTENZA SOCIALE, ORDINE PUBBLICO - FORZE ARMATE",11,it,6,3.0,5170,5018.0,,,,,,
47108,XVI,20/03/2024,"FINANZA REGIONALE E LOCALE, UNIONE EUROPEA E RAPPORTI INTERNAZIONALI",12,it,1,,75,,,,,,,
47109,XVI,20/03/2024,ASSISTENZA SANITARIA E OSPEDALIERA,13,it,1,,59,,,,,,,
47110,XVI,20/03/2024,BENI CULTURALI,14,it,4,2.0,4159,4039.0,,,,,,
47111,XVI,20/03/2024,"FINANZA REGIONALE E LOCALE, Partecipazioni azionarie regionali, INFORMAZIONE, Sistema informativo",15,it,4,2.0,6258,6135.0,,,,,,
47112,XVI,20/03/2024,"ENERGIA, FINANZA REGIONALE E LOCALE, Partecipazioni azionarie regionali",16,it,4,2.0,9040,8898.0,,,,,,
47113,XVI,20/03/2024,BENI CULTURALI,17,it,5,2.0,4300,4141.0,,,,,,
47114,XVI,20/03/2024,"ENTI LOCALI, Comuni, INFORMAZIONE",18,it,4,2.0,5598,5443.0,,,,,,
47115,XVI,20/03/2024,AMBIENTE,19,it,4,2.0,5739,5584.0,,,,,,
47116,XVI,20/03/2024,TRASPORTI E VIABILITÀ,20,it,5,2.0,4226,4108.0,,,,,,
47117,XVI,20/03/2024,"TRASPORTI E VIABILITÀ, Impianti a fune",21,it,4,2.0,13710,13594.0,,,,,,
47118,XVI,20/03/2024,"TRASPORTI E VIABILITÀ, Viabilità, Autostrade e trafori alpini",22,it,4,2.0,10699,10576.0,,,,,,
47119,XVI,20/03/2024,"ASSISTENZA SANITARIA E OSPEDALIERA, ASSISTENZA SOCIALE, EDILIZIA",23,it,4,2.0,4268,4163.0,,,,,,
47120,XVI,20/03/2024,"ASSISTENZA SOCIALE, FINANZA REGIONALE E LOCALE",24,it,4,2.0,8436,8314.0,,,,,,
47121,XVI,20/03/2024,ASSISTENZA SANITARIA E OSPEDALIERA,25,it,4,2.0,7778,7669.0,,,,,,
47122,XVI,20/03/2024,"EDILIZIA, ENTI LOCALI",26,it,5,2.0,4530,4184.0,,,,,,
47123,XVI,20/03/2024,"ENERGIA, FINANZA REGIONALE E LOCALE, Partecipazioni azionarie regionali",27,it,6,3.0,14540,14294.0,,,,,,
47124,XVI,20/03/2024,EDILIZIA,28,it,6,3.0,13852,13695.0,,,,,,
47125,XVI,20/03/2024,"FINANZA REGIONALE E LOCALE, STATUTO",29,it,6,3.0,13346,13199.0,,,,,,
47126,XVI,20/03/2024,"ISTRUZIONE PUBBLICA, Università",30,it,6,3.0,11729,11581.0,,,,,,
47127,XVI,20/03/2024,ENTI LOCALI,31,fr,6,3.0,11403,11215.0,,,,,,
47128,XVI,20/03/2024,"AGRICOLTURA, AMBIENTE, Flora e fauna, FORESTE E TERRITORI MONTANI, Corpo forestale valdostano e relative strutture",32,it,6,3.0,9879,9757.0,,,,,,
47129,XVI,20/03/2024,"AGRICOLTURA, AMBIENTE, Flora e fauna",33,it,6,3.0,6995,6872.0,,,,,,
47130,XVI,20/03/2024,TRASPORTI E VIABILITÀ,34,it,7,3.0,15231,14847.0,,,,,,
47483,XVI,20/06/2024,ATTIVITÀ CULTURALI,1,it,8,5.0,12138,11854.0,,,,,,
47484,XVI,20/06/2024,"FORMAZIONE PROFESSIONALE, ISTRUZIONE PUBBLICA, Personale docente e non docente",2,it,6,3.0,8541,8391.0,,,,,,
47485,XVI,20/06/2024,"ASSISTENZA SOCIALE, Politiche giovanili",3,it,6,3.0,12756,12629.0,,,,,,
47486,XVI,20/06/2024,"INFORMAZIONE, Radiotelecomunicazioni",4,it,6,3.0,11867,11758.0,,,,,,
47487,XVI,20/06/2024,"ASSISTENZA SOCIALE, Disabili, CACCIA E PESCA",5,it,6,3.0,7160,7049.0,,,,,,
47488,XVI,20/06/2024,"AGRICOLTURA, TURISMO E INDUSTRIA ALBERGHIERA",6,it,6,3.0,6236,6109.0,,,,,,
47489,XVI,20/06/2024,CACCIA E PESCA,7,it,6,3.0,6711,6583.0,,,,,,
47490,XVI,20/06/2024,"TRASPORTI E VIABILITÀ, Trasporti",8,it,6,3.0,5716,5597.0,,,,,,
47491,XVI,20/06/2024,"ENERGIA, Risparmio energetico e fonti alternative",9,it,7,3.0,19395,19101.0,,,,,,
47492,XVI,20/06/2024,"ACQUE, Acque pubbliche",10,it,6,3.0,16764,16593.0,,,,,,
47493,XVI,20/06/2024,"EDILIZIA, Edilizia pubblica, ENERGIA, Risparmio energetico e fonti alternative",11,it,6,3.0,8168,8047.0,,,,,,
47494,XVI,20/06/2024,"TRASPORTI E VIABILITÀ, Viabilità",12,it,6,3.0,10819,10713.0,,,,,,
47495,XVI,20/06/2024,"SPORT E TEMPO LIBERO, Infrastrutture ricreativo-sportive",13,it,1,,80,,,,,,,
47496,XVI,20/06/2024,"SPORT E TEMPO LIBERO, Infrastrutture ricreativo-sportive",14,it,8,4.0,8105,7910.0,,,,,,
47497,XVI,20/06/2024,"SPORT E TEMPO LIBERO, Infrastrutture ricreativo-sportive",15,it,6,3.0,8807,8693.0,,,,,,
47498,XVI,20/06/2024,"ACQUE, Acque pubbliche",16,it,7,3.0,11127,10835.0,,,,,,
47499,XVI,20/06/2024,"LAVORO, Politica del lavoro, TURISMO E INDUSTRIA ALBERGHIERA",17,it,6,3.0,19316,19077.0,,,,,,
47500,XVI,20/06/2024,"AMMINISTRAZIONE REGIONALE, Celebrazioni",18,it,38,18.0,67056,60617.0,32.0,27.0,7.0,20.0,5.0,non approvato
47501,XVI,20/06/2024,"CACCIA E PESCA, INFORMAZIONE",19,it,7,3.0,3326,3013.0,,,,,,
47502,XVI,20/06/2024,"COMMERCIO, Disciplina, attività, professioni",20,it,17,8.0,23368,22258.0,34.0,16.0,16.0,,18.0,non approvato
47503,XVI,20/06/2024,"CONSULTE COMMISSIONI E ORGANI COLLEGIALI, SPORT E TEMPO LIBERO",21,it,7,3.0,5262,4687.0,,,,,,
47504,XVI,20/06/2024,"TURISMO E INDUSTRIA ALBERGHIERA, Ricettività turistica",22,it,9,4.0,30176,29208.0,34.0,15.0,15.0,,19.0,non approvato
47981,XVI,20/11/2024,"CONSIGLIO REGIONALE, Attività consiliare d'aula",1,it,28,13.0,25670,20585.0,,,,,,
47982,XVI,20/11/2024,"CONSIGLIO REGIONALE, Attività consiliare d'aula",2,it,5,2.0,4395,4221.0,,,,,,
47983,XVI,20/11/2024,"CONSIGLIO REGIONALE, Attività consiliare d'aula",3,it,1,,53,,,,,,,
47984,XVI,20/11/2024,"CONSIGLIO REGIONALE, Costituzione e funzionamento degli organi consiliari",4,it,5,2.0,5567,2960.0,,,,,,
47985,XVI,20/11/2024,AMMINISTRAZIONE REGIONALE,5,it,19,9.0,33426,26714.0,35.0,24.0,24.0,6.0,11.0,approvato
47986,XVI,20/11/2024,BILANCIO E CONTABILITA' REGIONALE,6,it,19,9.0,62552,60867.0,,,,,,
47987,XVI,20/11/2024,BILANCIO E CONTABILITA' REGIONALE,7,it,32,15.0,63714,55365.0,35.0,16.0,16.0,,19.0,non approvato
47988,XVI,20/11/2024,BILANCIO E CONTABILITA' REGIONALE,8,it,1,,129,,,,,,,
47989,XVI,20/11/2024,AGRICOLTURA,9,it,7,3.0,8062,7299.0,34.0,19.0,19.0,,15.0,approvato
47990,XVI,20/11/2024,"ENTI LOCALI, Comuni",10,it,27,13.0,77579,75811.0,35.0,9.0,9.0,,26.0,non approvato
47991,XVI,20/11/2024,"INFORMAZIONE, Radiotelecomunicazioni",11,it,19,9.0,45036,43711.0,35.0,16.0,16.0,,19.0,non approvato
47131,XVI,21/03/2024,TRASPORTI E VIABILITÀ,1,it,6,3.0,13967,13722.0,,,,,,
47132,XVI,21/03/2024,"OPERE PUBBLICHE, TRASPORTI E VIABILITÀ",2,it,10,5.0,14701,14477.0,,,,,,
47133,XVI,21/03/2024,"EDILIZIA, ENTI LOCALI, Comuni",3,it,6,3.0,16680,16567.0,,,,,,
47134,XVI,21/03/2024,"ISTRUZIONE PUBBLICA, OPERE PUBBLICHE",4,it,6,3.0,15343,15214.0,,,,,,
47135,XVI,21/03/2024,"TRASPORTI E VIABILITÀ, Strade di interesse regionale",5,it,7,3.0,11003,10692.0,,,,,,
47136,XVI,21/03/2024,ASSISTENZA SANITARIA E OSPEDALIERA,6,it,6,3.0,15108,14979.0,,,,,,
47137,XVI,21/03/2024,ASSISTENZA SOCIALE,7,it,6,3.0,11330,11202.0,,,,,,
47138,XVI,21/03/2024,"ASSISTENZA SANITARIA E OSPEDALIERA, Personale medico e paramedico",8,it,6,3.0,9029,8858.0,,,,,,
47139,XVI,21/03/2024,ASSISTENZA SOCIALE,9,it,6,3.0,21034,20920.0,,,,,,
47140,XVI,21/03/2024,"AMMINISTRAZIONE REGIONALE, ASSISTENZA SOCIALE",10,it,6,3.0,7439,7298.0,,,,,,
47141,XVI,21/03/2024,ASSISTENZA SANITARIA E OSPEDALIERA,11,it,7,3.0,11973,11718.0,,,,,,
47142,XVI,21/03/2024,ASSISTENZA SOCIALE,12,it,6,3.0,11954,11716.0,,,,,,
47143,XVI,21/03/2024,"ASSISTENZA SANITARIA E OSPEDALIERA, ASSISTENZA SOCIALE",13,it,6,3.0,4566,4456.0,,,,,,
47144,XVI,21/03/2024,ASSISTENZA SOCIALE,14,it,6,3.0,17645,17537.0,,,,,,
47145,XVI,21/03/2024,COMMERCIO,15,it,6,3.0,12478,12288.0,,,,,,
47146,XVI,21/03/2024,"CONSIGLIO REGIONALE, Attività consiliare d'aula",16,it,1,,328,,,,,,,
47147,XVI,21/03/2024,TURISMO E INDUSTRIA ALBERGHIERA,17,it,6,3.0,17034,16853.0,,,,,,
47148,XVI,21/03/2024,"COMMERCIO, INFORMAZIONE, TURISMO E INDUSTRIA ALBERGHIERA",18,it,7,3.0,12170,11762.0,,,,,,
47149,XVI,21/03/2024,"ENERGIA, FINANZA REGIONALE E LOCALE",19,it,15,7.0,19079,18009.0,,,,,,
47150,XVI,21/03/2024,"AMMINISTRAZIONE REGIONALE, Celebrazioni",20,fr,41,20.0,90900,89197.0,35.0,,14.0,,21.0,non approvato
47151,XVI,21/03/2024,"CONSIGLIO REGIONALE, Attività consiliare d'aula",21,it,1,,234,,,,,,,
47992,XVI,21/11/2024,"FINANZA REGIONALE E LOCALE, Partecipazioni azionarie regionali",1,it,6,3.0,4325,4051.0,,,,,,
47993,XVI,21/11/2024,"ENERGIA, Risparmio energetico e fonti alternative",2,it,6,3.0,4727,4589.0,,,,,,
47994,XVI,21/11/2024,"ASSISTENZA SOCIALE, Assistenza socio-sanitaria",3,it,6,3.0,4128,3968.0,,,,,,
47995,XVI,21/11/2024,"PROTEZIONE CIVILE, VIGILI DEL FUOCO E INTERVENTI PER CALAMITÀ NATURALI, Calamità naturali, TURISMO E INDUSTRIA ALBERGHIERA, Contributi, incentivi",4,it,1,,54,,,,,,,
47996,XVI,21/11/2024,"TRASPORTI E VIABILITÀ, Autostrade e trafori alpini",5,it,4,2.0,2731,2630.0,,,,,,
47997,XVI,21/11/2024,"ASSISTENZA SANITARIA E OSPEDALIERA, Personale medico e paramedico",6,it,4,2.0,6479,6389.0,,,,,,
47998,XVI,21/11/2024,"CONSIGLIO REGIONALE, Costituzione e funzionamento degli organi consiliari",7,it,4,2.0,3910,3811.0,,,,,,
47999,XVI,21/11/2024,"ISTRUZIONE PUBBLICA, Università",8,it,4,2.0,4815,4709.0,,,,,,
48000,XVI,21/11/2024,"ASSISTENZA SOCIALE, Asili nido, ISTRUZIONE PUBBLICA",9,it,4,2.0,4032,3944.0,,,,,,
48001,XVI,21/11/2024,"BENI CULTURALI, Musei, biblioteche, archivi storici e aree di interesse archeologico",10,it,4,2.0,5316,5209.0,,,,,,
48002,XVI,21/11/2024,"ASSISTENZA SOCIALE, Asili nido",11,it,4,2.0,6086,5998.0,,,,,,
48003,XVI,21/11/2024,"INFORMAZIONE, Radiotelecomunicazioni",12,it,4,2.0,9747,9674.0,,,,,,
48004,XVI,21/11/2024,AGRICOLTURA,13,it,4,2.0,5496,5425.0,,,,,,
48005,XVI,21/11/2024,CACCIA E PESCA,14,it,4,2.0,4055,3947.0,,,,,,
48006,XVI,21/11/2024,"SPORT E TEMPO LIBERO, Sport invernali",15,it,4,2.0,7944,7845.0,,,,,,
48007,XVI,21/11/2024,"CONSULTE COMMISSIONI E ORGANI COLLEGIALI, SPORT E TEMPO LIBERO",16,it,3,2.0,8643,8612.0,,,,,,
48008,XVI,21/11/2024,"TRASPORTI E VIABILITÀ, Strade di interesse regionale",17,it,4,2.0,3701,3601.0,,,,,,
48009,XVI,21/11/2024,"ASSETTO DEL TERRITORIO, Difesa ed uso del suolo - Sistemazione idrogeologica",18,it,5,2.0,5855,5608.0,,,,,,
48010,XVI,21/11/2024,"ASSISTENZA SOCIALE, Alcolismo e tossicodipendenze, Politiche giovanili",19,it,4,2.0,9486,9329.0,,,,,,
48011,XVI,21/11/2024,"ASSISTENZA SANITARIA E OSPEDALIERA, Presidio ospedaliero",20,it,4,2.0,6859,6769.0,,,,,,
48012,XVI,21/11/2024,"ASSISTENZA SANITARIA E OSPEDALIERA, Presidio ospedaliero",21,it,4,2.0,2416,2289.0,,,,,,
48013,XVI,21/11/2024,"ASSISTENZA SANITARIA E OSPEDALIERA, Azienda Regionale Sanitaria - U.S.L.",22,it,8,4.0,14223,13976.0,,,,,,
48014,XVI,21/11/2024,"ASSISTENZA SANITARIA E OSPEDALIERA, Igiene e sanità pubblica",23,it,4,2.0,8568,8497.0,,,,,,
48015,XVI,21/11/2024,"ASSISTENZA SANITARIA E OSPEDALIERA, Azienda Regionale Sanitaria - U.S.L.",24,it,4,2.0,5095,4982.0,,,,,,
48016,XVI,21/11/2024,"SPORT E TEMPO LIBERO, Infrastrutture ricreativo-sportive",25,it,4,2.0,3366,3271.0,,,,,,
48017,XVI,21/11/2024,CREDITO,26,it,8,4.0,14167,13943.0,,,,,,
48018,XVI,21/11/2024,"ENTI LOCALI, Comuni",27,it,6,3.0,8256,8072.0,,,,,,
48019,XVI,21/11/2024,"SPORT E TEMPO LIBERO, Infrastrutture ricreativo-sportive",28,fr,7,3.0,5446,5039.0,,,,,,
48020,XVI,21/11/2024,"TRASPORTI E VIABILITÀ, Autostrade e trafori alpini",29,it,6,3.0,12978,12767.0,,,,,,
48021,XVI,21/11/2024,GIUNTA REGIONALE,30,it,8,8.0,8435,8435.0,,,,,,
48022,XVI,21/11/2024,"ENERGIA, Risparmio energetico e fonti alternative, TURISMO E INDUSTRIA ALBERGHIERA, Ricettività turistica",31,it,6,3.0,9382,9263.0,,,,,,
48023,XVI,21/11/2024,"ASSISTENZA SOCIALE, Politiche giovanili",32,it,6,3.0,20255,20128.0,,,,,,
48024,XVI,21/11/2024,"ISTRUZIONE PUBBLICA, Personale docente e non docente",33,it,6,3.0,12747,12619.0,,,,,,
48025,XVI,21/11/2024,ACQUE,34,it,1,,32,,,,,,,
48026,XVI,21/11/2024,"ENERGIA, Risparmio energetico e fonti alternative",35,it,6,3.0,15400,15200.0,,,,,,
48027,XVI,21/11/2024,"COMMERCIO, INFORMAZIONE, Sistema informativo",36,it,6,3.0,6043,5899.0,,,,,,
48028,XVI,21/11/2024,SPORT E TEMPO LIBERO,37,it,7,3.0,11385,11067.0,,,,,,
48029,XVI,21/11/2024,EDILIZIA,38,it,10,5.0,18202,17987.0,,,,,,
48030,XVI,21/11/2024,"AMBIENTE, Stoccaggio e smaltimento rifiuti",39,it,6,3.0,15029,14884.0,,,,,,
48031,XVI,21/11/2024,"TRASPORTI E VIABILITÀ, Viabilità, Strade di interesse regionale",40,it,6,3.0,11931,11800.0,,,,,,
48032,XVI,21/11/2024,"ASSISTENZA SANITARIA E OSPEDALIERA, Personale medico e paramedico",41,it,6,3.0,14348,14194.0,,,,,,
48033,XVI,21/11/2024,"ASSISTENZA SANITARIA E OSPEDALIERA, Igiene e sanità pubblica",42,it,12,6.0,19029,18648.0,,,,,,
48034,XVI,21/11/2024,"ASSISTENZA SOCIALE, Famiglia, tutela dell'infanzia",43,it,6,3.0,10381,10229.0,,,,,,
48035,XVI,21/11/2024,"COMMERCIO, INFORMAZIONE, TURISMO E INDUSTRIA ALBERGHIERA",44,it,6,3.0,11409,11248.0,,,,,,
48036,XVI,21/11/2024,"TURISMO E INDUSTRIA ALBERGHIERA, Ricettività turistica",45,it,1,,26,,,,,,,
48037,XVI,21/11/2024,"SPORT E TEMPO LIBERO, Infrastrutture ricreativo-sportive",46,it,7,3.0,10175,9687.0,,,,,,
47000,XVI,22/02/2024,"ASSISTENZA SANITARIA E OSPEDALIERA, ENTI LOCALI, ISTRUZIONE PUBBLICA",1,it,13,6.0,21336,20308.0,32.0,13.0,13.0,,19.0,non approvato
47001,XVI,22/02/2024,"ENERGIA, TRASPORTI E VIABILITÀ",2,it,9,4.0,28284,27380.0,,,,,,
47002,XVI,22/02/2024,STATUTO,3,it,13,6.0,21322,20546.0,33.0,24.0,24.0,,9.0,approvato
47003,XVI,22/02/2024,ACQUE,4,it,7,3.0,1734,1475.0,,,,,,
47341,XVI,22/05/2024,UNIONE EUROPEA E RAPPORTI INTERNAZIONALI,1,it,36,17.0,133847,132448.0,,,,,,
47342,XVI,22/05/2024,"CONSIGLIO REGIONALE, Attività consiliare d'aula",2,it,6,3.0,5771,3957.0,,,,,,
47343,XVI,22/05/2024,"CONSIGLIO REGIONALE, Attività consiliare d'aula",3,it,3,1.0,3935,3771.0,,,,,,
47344,XVI,22/05/2024,"CONSIGLIO REGIONALE, Attività consiliare d'aula",4,it,1,,79,,,,,,,
47345,XVI,22/05/2024,"BILANCIO E CONTABILITA' REGIONALE, OPERE PUBBLICHE",5,it,1,,111,,,,,,,
47347,XVI,22/05/2024,"AMMINISTRAZIONE REGIONALE, Celebrazioni, ATTIVITÀ CULTURALI",6,fr,6,3.0,5484,5328.0,,,,,,
47348,XVI,22/05/2024,"ASSISTENZA SOCIALE, Politiche giovanili, ORDINE PUBBLICO - FORZE ARMATE, Pubblica sicurezza",7,it,6,3.0,6281,6099.0,,,,,,
47349,XVI,22/05/2024,TURISMO E INDUSTRIA ALBERGHIERA,8,it,10,5.0,5845,5613.0,,,,,,
47350,XVI,22/05/2024,"ASSISTENZA SANITARIA E OSPEDALIERA, Azienda Regionale Sanitaria - U.S.L., Personale medico e paramedico",9,it,1,,250,,,,,,,
47351,XVI,22/05/2024,"FINANZA REGIONALE E LOCALE, Partecipazioni azionarie regionali",10,it,4,2.0,9624,9395.0,,,,,,
47352,XVI,22/05/2024,"MINORANZE ETNICHE E MOVIMENTI MIGRATORI, Movimenti migratori",11,it,1,,450,,,,,,,
47353,XVI,22/05/2024,"ISTRUZIONE PUBBLICA, Università, TRASPORTI E VIABILITÀ, Autostrade e trafori alpini",12,it,4,2.0,4310,4125.0,,,,,,
47354,XVI,22/05/2024,"BENI CULTURALI, Musei, biblioteche, archivi storici e aree di interesse archeologico, EDILIZIA, Edilizia pubblica",13,it,4,2.0,4778,4617.0,,,,,,
47355,XVI,22/05/2024,"AMBIENTE, AMMINISTRAZIONE REGIONALE",14,it,4,2.0,4598,4508.0,,,,,,
47356,XVI,22/05/2024,"ORDINE PUBBLICO - FORZE ARMATE, Pubblica sicurezza",15,it,4,2.0,5312,5197.0,,,,,,
47357,XVI,22/05/2024,"FORESTE E TERRITORI MONTANI, Tutela del patrimonio boschivo",16,it,4,2.0,5855,5765.0,,,,,,
47358,XVI,22/05/2024,"EDILIZIA, Edilizia residenziale, ENERGIA, Risparmio energetico e fonti alternative",17,it,4,2.0,6066,5955.0,,,,,,
47359,XVI,22/05/2024,"ACQUE, OPERE PUBBLICHE",18,it,4,2.0,4131,4041.0,,,,,,
47360,XVI,22/05/2024,"AMBIENTE, Inquinamento, FINANZA REGIONALE E LOCALE, Partecipazioni azionarie regionali",19,it,4,2.0,4781,4670.0,,,,,,
47361,XVI,22/05/2024,"ASSISTENZA SANITARIA E OSPEDALIERA, Presidio ospedaliero, INFORMAZIONE, Radiotelecomunicazioni",20,it,1,,165,,,,,,,
47362,XVI,22/05/2024,"ASSISTENZA SANITARIA E OSPEDALIERA, Igiene e sanità pubblica, LAVORO, Infortunistica - Previdenza - Tutela della salute",21,it,4,2.0,3841,3569.0,,,,,,
47363,XVI,22/05/2024,ASSISTENZA SANITARIA E OSPEDALIERA,22,it,1,,111,,,,,,,
47364,XVI,22/05/2024,ASSISTENZA SOCIALE,23,it,1,,154,,,,,,,
47365,XVI,22/05/2024,"ASSISTENZA SANITARIA E OSPEDALIERA, Azienda Regionale Sanitaria - U.S.L.",24,it,4,2.0,6435,6189.0,,,,,,
47366,XVI,22/05/2024,ASSISTENZA SANITARIA E OSPEDALIERA,25,it,1,,145,,,,,,,
47367,XVI,22/05/2024,"ASSISTENZA SANITARIA E OSPEDALIERA, Azienda Regionale Sanitaria - U.S.L., ASSISTENZA SOCIALE, Famiglia, tutela dell'infanzia",26,it,6,3.0,10705,10515.0,,,,,,
47368,XVI,22/05/2024,"MINORANZE ETNICHE E MOVIMENTI MIGRATORI, Movimenti migratori",27,it,7,3.0,16803,16347.0,,,,,,
47369,XVI,22/05/2024,"TRASPORTI E VIABILITÀ, Autostrade e trafori alpini",28,it,6,3.0,12393,12142.0,,,,,,
47370,XVI,22/05/2024,"ELEZIONI, PARTECIPAZIONE E INIZIATIVA POPOLARE, Referendum e iniziativa popolare",29,it,6,3.0,4462,4281.0,,,,,,
47371,XVI,22/05/2024,"TRASPORTI E VIABILITÀ, Viabilità",30,it,6,3.0,8894,8715.0,,,,,,
47372,XVI,22/05/2024,"TRASPORTI E VIABILITÀ, Autostrade e trafori alpini",31,it,6,3.0,3107,2929.0,,,,,,
47373,XVI,22/05/2024,"PROTEZIONE CIVILE, VIGILI DEL FUOCO E INTERVENTI PER CALAMITÀ NATURALI, Vigili del fuoco - Difesa antincendi, TRASPORTI E VIABILITÀ, Aeroporti",32,it,6,3.0,12042,11839.0,,,,,,
47374,XVI,22/05/2024,"ENERGIA, Energia idroelettrica, FINANZA REGIONALE E LOCALE, Partecipazioni azionarie regionali",33,it,6,3.0,7375,7193.0,,,,,,
47375,XVI,22/05/2024,"ISTRUZIONE PUBBLICA, Personale docente e non docente",34,it,6,3.0,13360,13143.0,,,,,,
47376,XVI,22/05/2024,"AMBIENTE, Flora e fauna",35,it,6,3.0,8801,8622.0,,,,,,
47377,XVI,22/05/2024,"ENERGIA, Risparmio energetico e fonti alternative",36,it,6,3.0,8797,8614.0,,,,,,
47378,XVI,22/05/2024,"SPORT E TEMPO LIBERO, Infrastrutture ricreativo-sportive",37,it,6,3.0,6416,6239.0,,,,,,
47379,XVI,22/05/2024,"TRASPORTI E VIABILITÀ, Impianti a fune",38,it,6,3.0,12942,12761.0,,,,,,
47380,XVI,22/05/2024,"SPORT E TEMPO LIBERO, TRASPORTI E VIABILITÀ, Trasporti",39,it,7,3.0,8039,7661.0,,,,,,
47381,XVI,23/05/2024,"EDILIZIA, Edilizia residenziale",1,it,6,3.0,8665,8442.0,,,,,,
47382,XVI,23/05/2024,"AMBIENTE, Inquinamento",2,it,6,3.0,13890,13772.0,,,,,,
47383,XVI,23/05/2024,"EDILIZIA, Edilizia pubblica",3,it,6,3.0,5664,5461.0,,,,,,
47384,XVI,23/05/2024,"ASSISTENZA SOCIALE, Assistenza socio-sanitaria",4,it,1,,188,,,,,,,
47385,XVI,23/05/2024,"SANITÀ VETERINARIA E ZOOTECNIA, Sanità veterinaria",5,it,4,2.0,6351,5987.0,,,,,,
47386,XVI,23/05/2024,"ASSISTENZA SANITARIA E OSPEDALIERA, Piano socio-sanitario regionale, RICERCA",6,it,4,2.0,6168,5953.0,,,,,,
47387,XVI,23/05/2024,"ASSISTENZA SOCIALE, Assistenza socio-sanitaria",7,it,4,2.0,7610,7381.0,,,,,,
47388,XVI,23/05/2024,"ASSISTENZA SOCIALE, Assistenza socio-sanitaria",8,it,4,2.0,6095,5902.0,,,,,,
47389,XVI,23/05/2024,"ASSISTENZA SANITARIA E OSPEDALIERA, Azienda Regionale Sanitaria - U.S.L.",9,it,1,,380,,,,,,,
47390,XVI,23/05/2024,"ASSISTENZA SOCIALE, Famiglia, tutela dell'infanzia",10,it,9,4.0,10288,8798.0,,,,,,
47391,XVI,23/05/2024,"SPORT E TEMPO LIBERO, Infrastrutture ricreativo-sportive",11,it,6,3.0,13186,12903.0,,,,,,
47392,XVI,23/05/2024,"SPORT E TEMPO LIBERO, TRASPORTI E VIABILITÀ, Viabilità",12,it,7,3.0,15031,14707.0,,,,,,
47393,XVI,23/05/2024,CACCIA E PESCA,13,it,23,11.0,22420,21200.0,,,,,,
47394,XVI,23/05/2024,"AMBIENTE, Flora e fauna, CACCIA E PESCA",14,it,11,5.0,18084,17016.0,32.0,2.0,2.0,,30.0,non approvato
47395,XVI,23/05/2024,"EDILIZIA, Edilizia residenziale",15,it,11,5.0,13812,13280.0,,,,,,
47396,XVI,23/05/2024,"ASSISTENZA SOCIALE, Famiglia, tutela dell'infanzia",16,it,22,10.0,24431,23175.0,,,,,,
47397,XVI,23/05/2024,"ASSISTENZA SOCIALE, Famiglia, tutela dell'infanzia",17,it,47,22.0,67264,62039.0,34.0,2.0,2.0,,32.0,non approvato
47601,XVI,23/07/2024,"CONSIGLIO REGIONALE, Attività consiliare d'aula",1,it,31,15.0,30168,27494.0,,,,,,
47602,XVI,23/07/2024,"CONSIGLIO REGIONALE, Attività consiliare d'aula",2,fr,2,1.0,2083,1984.0,,,,,,
47603,XVI,23/07/2024,"CONSIGLIO REGIONALE, Attività consiliare d'aula",3,it,1,,101,,,,,,,
47604,XVI,23/07/2024,BILANCIO E CONTABILITA' REGIONALE,4,it,59,28.0,113101,107481.0,34.0,16.0,16.0,,18.0,non approvato
47605,XVI,23/07/2024,BILANCIO E CONTABILITA' REGIONALE,5,it,9,4.0,13672,3716.0,33.0,18.0,18.0,,15.0,approvato
47606,XVI,23/07/2024,BILANCIO E CONTABILITA' REGIONALE,6,it,1,,96,,,,,,,
47607,XVI,23/07/2024,BILANCIO E CONTABILITA' REGIONALE,7,it,1,,86,,,,,,,
47608,XVI,23/07/2024,"INFORMAZIONE, Radiotelecomunicazioni",8,it,10,4.0,16474,14253.0,,,,,,
47609,XVI,23/07/2024,"ENERGIA, Risparmio energetico e fonti alternative",9,it,28,13.0,68095,64214.0,,,,,,
47610,XVI,23/07/2024,"SPORT E TEMPO LIBERO, Manifestazioni sportive",10,it,27,13.0,50081,47621.0,,,,,,
47611,XVI,23/07/2024,ISTRUZIONE PUBBLICA,11,it,19,9.0,38276,35650.0,32.0,14.0,14.0,,18.0,non approvato
47621,XVI,24/07/2024,"ENTI LOCALI, Comuni",1,it,6,3.0,4059,3863.0,,,,,,
47622,XVI,24/07/2024,"OPERE PUBBLICHE, SPORT E TEMPO LIBERO",2,it,6,3.0,3649,3535.0,,,,,,
47623,XVI,24/07/2024,"AMMINISTRAZIONE REGIONALE, Celebrazioni",3,fr,3,1.0,2143,804.0,,,,,,
47624,XVI,24/07/2024,"FINANZA REGIONALE E LOCALE, Partecipazioni azionarie regionali",4,it,5,2.0,6407,2935.0,,,,,,
47625,XVI,24/07/2024,CASA DA GIOCO,5,it,4,2.0,3350,3257.0,,,,,,
47626,XVI,24/07/2024,"AMBIENTE, Parchi, riserve naturali, aree protette e attrezzate",6,it,1,,131,,,,,,,
47627,XVI,24/07/2024,"TRASPORTI E VIABILITÀ, Trasporti",7,it,4,2.0,6643,6535.0,,,,,,
47628,XVI,24/07/2024,ARTIGIANATO,8,it,4,2.0,4926,4847.0,,,,,,
47629,XVI,24/07/2024,"TRASPORTI E VIABILITÀ, Impianti a fune",9,it,6,3.0,8518,8331.0,,,,,,
47630,XVI,24/07/2024,"ASSISTENZA SANITARIA E OSPEDALIERA, Igiene e sanità pubblica",10,it,4,2.0,5585,5509.0,,,,,,
47631,XVI,24/07/2024,ASSISTENZA SANITARIA E OSPEDALIERA,11,it,4,2.0,8689,8614.0,,,,,,
47632,XVI,24/07/2024,"ASSISTENZA SOCIALE, Alcolismo e tossicodipendenze",12,it,4,2.0,8965,8889.0,,,,,,
47633,XVI,24/07/2024,ASSISTENZA SANITARIA E OSPEDALIERA,13,it,4,2.0,6595,6519.0,,,,,,
47634,XVI,24/07/2024,"ASSISTENZA SOCIALE, Alcolismo e tossicodipendenze",14,it,4,2.0,9351,9254.0,,,,,,
47635,XVI,24/07/2024,"ASSISTENZA SANITARIA E OSPEDALIERA, Azienda Regionale Sanitaria - U.S.L., PARTECIPAZIONE E INIZIATIVA POPOLARE, Tutela dei cittadini",15,it,4,2.0,3893,3810.0,,,,,,
47636,XVI,24/07/2024,"ENERGIA, Risparmio energetico e fonti alternative, FINANZA REGIONALE E LOCALE, Partecipazioni azionarie regionali",16,it,6,3.0,6565,6434.0,,,,,,
47637,XVI,24/07/2024,CASA DA GIOCO,17,it,7,3.0,12891,12581.0,,,,,,
47638,XVI,24/07/2024,"ASSISTENZA SOCIALE, Assistenza socio-sanitaria, STATUTO",18,it,6,3.0,11748,11608.0,,,,,,
47639,XVI,24/07/2024,"ENTI LOCALI, Comuni",19,it,6,3.0,10939,10803.0,,,,,,
47640,XVI,24/07/2024,DEMANIO E PATRIMONIO REGIONALE,20,it,6,3.0,8296,8145.0,,,,,,
47641,XVI,24/07/2024,"ASSISTENZA SANITARIA E OSPEDALIERA, Servizio di emergenza sanitaria (118)",21,it,6,3.0,12400,12254.0,,,,,,
47642,XVI,24/07/2024,"OPERE PUBBLICHE, TRASPORTI E VIABILITÀ, Autostrade e trafori alpini",22,it,7,3.0,4490,4236.0,,,,,,
47661,XVI,24/07/2024,"ASSETTO DEL TERRITORIO, Difesa ed uso del suolo - Sistemazione idrogeologica, COMMERCIO, TURISMO E INDUSTRIA ALBERGHIERA",23,it,6,3.0,14793,14577.0,,,,,,
47662,XVI,24/07/2024,"TRASPORTI E VIABILITÀ, Autostrade e trafori alpini",24,it,6,3.0,15465,15331.0,,,,,,
47663,XVI,24/07/2024,"PROTEZIONE CIVILE, VIGILI DEL FUOCO E INTERVENTI PER CALAMITÀ NATURALI, Calamità naturali, TRASPORTI E VIABILITÀ, Trasporti",25,it,6,3.0,11463,11343.0,,,,,,
47664,XVI,24/07/2024,"BENI CULTURALI, PROTEZIONE CIVILE, VIGILI DEL FUOCO E INTERVENTI PER CALAMITÀ NATURALI, Vigili del fuoco - Difesa antincendi",26,it,6,3.0,6861,6717.0,,,,,,
47665,XVI,24/07/2024,"BENI CULTURALI, Musei, biblioteche, archivi storici e aree di interesse archeologico",27,it,6,3.0,16705,16524.0,,,,,,
47666,XVI,24/07/2024,"BENI CULTURALI, Musei, biblioteche, archivi storici e aree di interesse archeologico",28,fr,8,4.0,9869,9614.0,,,,,,
47667,XVI,24/07/2024,"ISTRUZIONE PUBBLICA, Personale docente e non docente",29,it,6,3.0,13527,13310.0,,,,,,
47668,XVI,24/07/2024,RICERCA,30,it,7,3.0,13590,12909.0,,,,,,
47669,XVI,24/07/2024,"ASSETTO DEL TERRITORIO, Difesa ed uso del suolo - Sistemazione idrogeologica, ISTRUZIONE PUBBLICA, Università",31,it,6,3.0,14074,13899.0,,,,,,
47670,XVI,24/07/2024,"BENI CULTURALI, Musei, biblioteche, archivi storici e aree di interesse archeologico",32,it,6,3.0,16383,16231.0,,,,,,
47671,XVI,24/07/2024,ISTRUZIONE PUBBLICA,33,it,6,3.0,11010,10841.0,,,,,,
47672,XVI,24/07/2024,"CONSIGLIO REGIONALE, Attività consiliare d'aula",34,it,1,,74,,,,,,,
47673,XVI,24/07/2024,"FORESTE E TERRITORI MONTANI, Tutela del patrimonio boschivo",35,it,6,3.0,8914,8803.0,,,,,,
47674,XVI,24/07/2024,"AGRICOLTURA, AMBIENTE, Flora e fauna",36,it,6,3.0,5862,5719.0,,,,,,
47675,XVI,24/07/2024,"TRASPORTI E VIABILITÀ, Trasporti, Autostrade e trafori alpini",37,it,6,3.0,8770,8649.0,,,,,,
47676,XVI,24/07/2024,"TRASPORTI E VIABILITÀ, Trasporti",38,it,8,4.0,11791,11598.0,,,,,,
47677,XVI,24/07/2024,"OPERE PUBBLICHE, TRASPORTI E VIABILITÀ, Trasporti",39,it,6,3.0,4538,4425.0,,,,,,
47678,XVI,24/07/2024,"TRASPORTI E VIABILITÀ, Viabilità",40,it,5,3.0,9940,9852.0,,,,,,
47679,XVI,24/07/2024,"AMBIENTE, Parchi, riserve naturali, aree protette e attrezzate, INFORMAZIONE, Sistema informativo",41,it,6,3.0,6392,6281.0,,,,,,
47680,XVI,24/07/2024,"ACQUE, Acque pubbliche",42,it,7,3.0,7469,7205.0,,,,,,
47681,XVI,25/07/2024,"TRASPORTI E VIABILITÀ, Viabilità",1,it,6,3.0,9349,9139.0,,,,,,
47682,XVI,25/07/2024,"ACQUE, Acque minerali e termali, CAVE, MINIERE E TORBIERE",2,it,6,3.0,11431,11297.0,,,,,,
47683,XVI,25/07/2024,"EDILIZIA, Edilizia pubblica, ISTRUZIONE PUBBLICA",3,it,6,3.0,6255,6069.0,,,,,,
47684,XVI,25/07/2024,OPERE PUBBLICHE,4,it,6,3.0,8172,8066.0,,,,,,
47685,XVI,25/07/2024,ASSISTENZA SANITARIA E OSPEDALIERA,5,it,6,3.0,18567,18400.0,,,,,,
47686,XVI,25/07/2024,ASSISTENZA SANITARIA E OSPEDALIERA,6,it,6,3.0,11142,10991.0,,,,,,
47687,XVI,25/07/2024,"ASSISTENZA SOCIALE, Assistenza socio-sanitaria",7,it,6,3.0,22349,22214.0,,,,,,
47688,XVI,25/07/2024,"ASSISTENZA SANITARIA E OSPEDALIERA, Personale medico e paramedico",8,it,6,3.0,10663,10455.0,,,,,,
47689,XVI,25/07/2024,"ASSISTENZA SOCIALE, Assistenza socio-sanitaria",9,it,6,3.0,12316,12152.0,,,,,,
47690,XVI,25/07/2024,ASSISTENZA SANITARIA E OSPEDALIERA,10,it,6,3.0,12068,11844.0,,,,,,
47691,XVI,25/07/2024,ASSISTENZA SANITARIA E OSPEDALIERA,11,it,10,5.0,28615,28236.0,,,,,,
47692,XVI,25/07/2024,ASSISTENZA SANITARIA E OSPEDALIERA,12,it,7,3.0,13792,13431.0,,,,,,
47701,XVI,25/07/2024,"ASSISTENZA SOCIALE, Assistenza socio-sanitaria",13,it,6,3.0,4892,4660.0,,,,,,
47702,XVI,25/07/2024,ASSISTENZA SANITARIA E OSPEDALIERA,14,it,6,3.0,13082,12929.0,,,,,,
47703,XVI,25/07/2024,"TURISMO E INDUSTRIA ALBERGHIERA, Ricettività turistica",15,it,8,4.0,15225,15024.0,,,,,,
47704,XVI,25/07/2024,STATUTO,16,it,15,7.0,22567,21512.0,34.0,16.0,16.0,,18.0,non approvato
47705,XVI,25/07/2024,STATUTO,17,it,28,13.0,73306,64352.0,,11.0,2.0,9.0,23.0,non approvato
47706,XVI,25/07/2024,"TRASPORTI E VIABILITÀ, Trasporti",18,it,11,5.0,16573,15767.0,34.0,16.0,14.0,2.0,18.0,non approvato
47707,XVI,25/07/2024,"CONSIGLIO REGIONALE, Attività consiliare d'aula",19,it,1,,266,,,,,,,
47708,XVI,25/07/2024,CASA DA GIOCO,20,it,7,3.0,5016,4576.0,,,,,,
47709,XVI,25/07/2024,TURISMO E INDUSTRIA ALBERGHIERA,21,it,7,3.0,11767,11245.0,,,,,,
47710,XVI,25/07/2024,"TRASPORTI E VIABILITÀ, Trasporti",22,it,13,6.0,26255,25474.0,34.0,14.0,14.0,,20.0,non approvato
47711,XVI,25/07/2024,"ASSETTO DEL TERRITORIO, Urbanistica e pianificazione territoriale, EDILIZIA, Centri storici",23,it,1,,808,,,,,,,
47712,XVI,25/07/2024,"ASSISTENZA SANITARIA E OSPEDALIERA, ASSISTENZA SOCIALE, Famiglia, tutela dell'infanzia",24,it,5,2.0,4565,4316.0,,,,,,
47713,XVI,25/07/2024,TURISMO E INDUSTRIA ALBERGHIERA,25,it,7,3.0,7941,7219.0,,,,,,
